image_name,label,final_state_label,deviated_score,mean_intensity
A - 1(fld 1 wv DAPI - DAPI),32,cluster2,0.9998639753646964,106.41180419921876
A - 1(fld 1 wv DAPI - DAPI),33,uncertain,0.5890367140192431,143.53839111328125
A - 1(fld 1 wv DAPI - DAPI),34,cluster1,0.0367989665958756,122.71043395996094
A - 1(fld 1 wv DAPI - DAPI),35,cluster1,0.0001507815911941,142.72821044921875
A - 1(fld 1 wv DAPI - DAPI),36,cluster2,0.98129504194377,108.69512176513672
A - 1(fld 1 wv DAPI - DAPI),37,uncertain,0.5780362556026928,108.69044494628906
A - 1(fld 1 wv DAPI - DAPI),39,cluster2,0.9927883593105072,110.3125991821289
A - 1(fld 1 wv DAPI - DAPI),40,cluster2,0.9676180996085696,120.55475616455078
A - 1(fld 1 wv DAPI - DAPI),41,cluster1,0.0270926548308941,140.5299835205078
A - 1(fld 1 wv DAPI - DAPI),42,cluster1,0.317629347269335,140.5035400390625
A - 1(fld 1 wv DAPI - DAPI),43,cluster1,1.3073741522673564e-05,134.58995056152344
A - 1(fld 1 wv DAPI - DAPI),44,cluster2,0.986373673464544,116.69029998779295
A - 1(fld 1 wv DAPI - DAPI),45,cluster1,2.497267847960588e-05,133.01284790039062
A - 1(fld 1 wv DAPI - DAPI),46,cluster2,0.9931627492608064,119.52644348144533
A - 1(fld 1 wv DAPI - DAPI),47,uncertain,0.7115974269512472,132.85800170898438
A - 1(fld 1 wv DAPI - DAPI),48,cluster1,0.101164533785473,107.78002166748048
A - 1(fld 1 wv DAPI - DAPI),49,cluster2,0.9975524505551262,119.69365692138672
A - 1(fld 1 wv DAPI - DAPI),50,cluster2,0.9514681286117842,117.96186065673828
A - 1(fld 1 wv DAPI - DAPI),51,cluster1,0.0003734145566894,134.98471069335938
A - 1(fld 1 wv DAPI - DAPI),52,cluster1,0.0011484874407391,133.5945587158203
A - 1(fld 1 wv DAPI - DAPI),53,uncertain,0.4680642513510578,108.34180450439452
A - 1(fld 1 wv DAPI - DAPI),54,uncertain,0.5119223062585369,111.14824676513672
A - 1(fld 1 wv DAPI - DAPI),55,cluster1,0.0035198935339361,135.33131408691406
A - 1(fld 1 wv DAPI - DAPI),56,cluster1,0.0006263607463929,144.344970703125
A - 1(fld 1 wv DAPI - DAPI),57,cluster1,0.0004469141121158,143.91543579101562
A - 1(fld 1 wv DAPI - DAPI),58,cluster2,0.9313389349989082,110.01806640625
A - 1(fld 1 wv DAPI - DAPI),59,cluster1,0.0001952003770883,146.9174041748047
A - 1(fld 1 wv DAPI - DAPI),60,cluster1,0.0014915641072788,134.01315307617188
A - 1(fld 1 wv DAPI - DAPI),61,cluster1,0.0001749513526704,139.9171600341797
A - 1(fld 1 wv DAPI - DAPI),62,uncertain,0.7102151369039343,109.55384826660156
A - 1(fld 1 wv DAPI - DAPI),63,cluster1,8.585435303340359e-05,129.67254638671875
A - 1(fld 1 wv DAPI - DAPI),64,cluster1,0.0013714169742139,125.78335571289062
A - 1(fld 1 wv DAPI - DAPI),65,cluster1,0.0113734027753483,109.64197540283205
A - 1(fld 1 wv DAPI - DAPI),66,uncertain,0.4346209348229183,135.44943237304688
A - 1(fld 1 wv DAPI - DAPI),67,cluster1,0.2593106739239085,132.42503356933594
A - 1(fld 1 wv DAPI - DAPI),68,uncertain,0.7852524784579124,112.59801483154295
A - 1(fld 1 wv DAPI - DAPI),69,uncertain,0.4098378585988221,110.75518035888672
A - 1(fld 1 wv DAPI - DAPI),70,cluster1,0.0891801612307932,132.37704467773438
A - 1(fld 1 wv DAPI - DAPI),71,cluster2,0.9075452122098632,106.7860870361328
A - 1(fld 1 wv DAPI - DAPI),72,cluster1,0.1873114354197252,108.32321166992188
A - 1(fld 1 wv DAPI - DAPI),73,cluster1,4.508735803496979e-05,138.03517150878906
A - 1(fld 1 wv DAPI - DAPI),74,uncertain,0.4309329527747235,112.05516052246094
A - 1(fld 1 wv DAPI - DAPI),75,uncertain,0.5789055618696209,131.29531860351562
A - 1(fld 1 wv DAPI - DAPI),76,cluster1,4.70943048598218e-05,144.7158660888672
A - 1(fld 1 wv DAPI - DAPI),77,cluster2,0.8170831657218393,109.90746307373048
A - 1(fld 1 wv DAPI - DAPI),78,cluster2,0.9721654727620848,109.55877685546876
A - 1(fld 1 wv DAPI - DAPI),79,cluster2,0.9999950312106471,115.9909210205078
A - 1(fld 1 wv DAPI - DAPI),80,cluster2,0.9978046872279576,112.59295654296876
A - 1(fld 1 wv DAPI - DAPI),81,cluster1,0.0110822791408193,132.19432067871094
A - 1(fld 1 wv DAPI - DAPI),82,cluster1,0.0002077209589106,129.96702575683594
A - 1(fld 1 wv DAPI - DAPI),83,cluster2,0.9823691687805864,118.09241485595705
A - 1(fld 1 wv DAPI - DAPI),84,cluster1,0.1042932277600278,106.57427978515624
A - 1(fld 1 wv DAPI - DAPI),85,cluster2,0.999638014251935,115.15859985351562
A - 1(fld 1 wv DAPI - DAPI),86,cluster1,0.0020015674442025,134.73324584960938
A - 1(fld 1 wv DAPI - DAPI),87,cluster1,7.209435435933748e-06,136.90489196777344
A - 1(fld 1 wv DAPI - DAPI),89,cluster1,0.0002216085066953,132.52041625976562
A - 1(fld 1 wv DAPI - DAPI),90,cluster2,0.9966680504414268,125.87610626220705
A - 1(fld 1 wv DAPI - DAPI),92,cluster1,0.2679286636207549,108.53494262695312
A - 1(fld 1 wv DAPI - DAPI),93,cluster1,0.0217604851827493,121.01530456542967
A - 1(fld 1 wv DAPI - DAPI),94,cluster1,1.090325798058046e-06,141.18270874023438
A - 1(fld 1 wv DAPI - DAPI),95,cluster2,0.8398702797686345,119.94890594482422
A - 1(fld 1 wv DAPI - DAPI),96,cluster2,0.9861876231000336,119.28534698486328
A - 1(fld 1 wv DAPI - DAPI),97,cluster2,0.9595563429101356,137.11390686035156
A - 1(fld 1 wv DAPI - DAPI),98,cluster1,0.0041758015865718,145.0386199951172
A - 1(fld 1 wv DAPI - DAPI),99,cluster1,0.0002772964533957,130.88475036621094
A - 1(fld 1 wv DAPI - DAPI),100,cluster2,0.9555826326809348,107.5074234008789
A - 1(fld 1 wv DAPI - DAPI),101,cluster2,0.9089301963158924,132.69374084472656
A - 1(fld 1 wv DAPI - DAPI),102,cluster1,0.0387652625360971,131.6941680908203
A - 1(fld 1 wv DAPI - DAPI),103,uncertain,0.7910886819706519,109.24969482421876
A - 1(fld 1 wv DAPI - DAPI),104,cluster1,0.0135335521247062,134.1019287109375
A - 1(fld 1 wv DAPI - DAPI),105,cluster1,0.0005294588894598,143.81802368164062
A - 1(fld 1 wv DAPI - DAPI),106,uncertain,0.6548193438209249,108.5397720336914
A - 1(fld 1 wv DAPI - DAPI),107,cluster1,0.1699456594747342,109.0544662475586
A - 1(fld 1 wv DAPI - DAPI),108,cluster1,3.329959164128497e-05,132.0167999267578
A - 1(fld 1 wv DAPI - DAPI),109,cluster1,0.3077551631625377,117.75287628173828
A - 1(fld 1 wv DAPI - DAPI),110,cluster1,1.1558592009581796e-06,114.95882415771484
A - 1(fld 1 wv DAPI - DAPI),111,cluster1,0.006393619857508,131.5517578125
A - 1(fld 1 wv DAPI - DAPI),112,uncertain,0.587066531287503,108.8455047607422
A - 1(fld 1 wv DAPI - DAPI),113,cluster2,0.985338035602772,119.58393096923828
A - 1(fld 1 wv DAPI - DAPI),114,cluster1,0.0014817274234982,137.15089416503906
A - 1(fld 1 wv DAPI - DAPI),115,cluster2,0.9886551629392398,111.5204849243164
A - 1(fld 1 wv DAPI - DAPI),116,cluster1,0.0050027061449382,144.52841186523438
A - 1(fld 1 wv DAPI - DAPI),117,cluster2,0.896239150854396,114.14837646484376
A - 1(fld 1 wv DAPI - DAPI),118,cluster1,0.0687565755463669,109.43631744384766
A - 1(fld 1 wv DAPI - DAPI),119,cluster2,0.9864199978000604,117.63330078125
A - 1(fld 1 wv DAPI - DAPI),120,cluster2,0.962179690928028,125.75409698486328
A - 1(fld 1 wv DAPI - DAPI),121,cluster2,0.9904670305172264,114.7599105834961
A - 1(fld 1 wv DAPI - DAPI),122,cluster1,0.0034689856576343,141.4760284423828
A - 1(fld 1 wv DAPI - DAPI),123,cluster1,1.1936936965621236e-07,131.4591064453125
A - 1(fld 1 wv DAPI - DAPI),124,cluster2,0.8852516051194615,110.32238006591795
A - 1(fld 1 wv DAPI - DAPI),125,cluster1,3.0472026015944323e-06,153.0587615966797
A - 1(fld 1 wv DAPI - DAPI),126,cluster1,0.0022720892198515,135.24266052246094
A - 1(fld 1 wv DAPI - DAPI),127,cluster2,0.9983413063544836,114.47349548339844
A - 1(fld 1 wv DAPI - DAPI),128,cluster1,0.0081733369948422,142.66725158691406
A - 1(fld 1 wv DAPI - DAPI),129,cluster1,9.531180035510252e-07,139.61146545410156
A - 1(fld 1 wv DAPI - DAPI),130,cluster1,2.860079118135932e-05,144.8629608154297
A - 1(fld 1 wv DAPI - DAPI),131,cluster2,0.9157675120852572,108.66600799560548
A - 1(fld 1 wv DAPI - DAPI),132,cluster1,0.0193635524547907,128.57742309570312
A - 1(fld 1 wv DAPI - DAPI),133,cluster1,0.0002241187353336,139.1731414794922
A - 1(fld 1 wv DAPI - DAPI),134,cluster2,0.9990940160808212,126.58642578125
A - 1(fld 1 wv DAPI - DAPI),135,cluster2,0.8922879116827517,109.71858978271484
A - 1(fld 1 wv DAPI - DAPI),136,uncertain,0.6629329730080152,109.6950454711914
A - 1(fld 1 wv DAPI - DAPI),137,cluster1,0.0006947386135772,140.60079956054688
A - 1(fld 1 wv DAPI - DAPI),138,cluster2,0.9996535178810808,120.05657958984376
A - 1(fld 1 wv DAPI - DAPI),139,cluster2,0.9308916498522484,108.2340087890625
A - 1(fld 1 wv DAPI - DAPI),140,cluster1,0.0666499816473483,109.76839447021484
A - 1(fld 1 wv DAPI - DAPI),141,cluster2,0.9997474063883768,119.0777587890625
A - 1(fld 1 wv DAPI - DAPI),142,cluster2,0.9959230982372062,111.41112518310548
A - 1(fld 1 wv DAPI - DAPI),144,cluster2,0.9863256038436043,109.4473648071289
A - 1(fld 1 wv DAPI - DAPI),145,cluster2,0.9993888891552202,121.21878051757812
A - 1(fld 1 wv DAPI - DAPI),146,uncertain,0.3768911099956116,125.80825805664062
A - 1(fld 1 wv DAPI - DAPI),147,cluster1,0.0004309960949763,146.52017211914062
A - 1(fld 1 wv DAPI - DAPI),148,cluster1,0.0011643598635141,130.1756134033203
A - 1(fld 1 wv DAPI - DAPI),149,cluster1,0.0563663009874325,111.33578491210938
A - 1(fld 1 wv DAPI - DAPI),150,cluster2,0.9427865843305568,131.63583374023438
A - 1(fld 1 wv DAPI - DAPI),151,cluster1,0.0023853519403413,138.4339599609375
A - 1(fld 1 wv DAPI - DAPI),152,cluster1,0.0470457680065248,121.27718353271484
A - 1(fld 1 wv DAPI - DAPI),153,cluster1,4.016452769280944e-05,141.86688232421875
A - 1(fld 1 wv DAPI - DAPI),154,cluster1,0.0005244325078358,135.07569885253906
A - 1(fld 1 wv DAPI - DAPI),155,cluster1,0.2108704289312445,112.50122833251952
A - 1(fld 1 wv DAPI - DAPI),156,cluster1,5.218094996529117e-08,151.10687255859375
A - 1(fld 1 wv DAPI - DAPI),157,cluster1,0.0374065665953124,142.4981231689453
A - 1(fld 1 wv DAPI - DAPI),158,cluster2,0.9992059868788704,118.40203857421876
A - 1(fld 1 wv DAPI - DAPI),159,cluster1,3.715677855455403e-06,142.16795349121094
A - 1(fld 1 wv DAPI - DAPI),160,uncertain,0.6747753332296332,113.63797760009766
A - 1(fld 1 wv DAPI - DAPI),161,cluster1,1.6759861651165335e-06,150.3317108154297
A - 1(fld 1 wv DAPI - DAPI),162,cluster2,0.9150926897991486,115.14059448242188
A - 1(fld 1 wv DAPI - DAPI),163,cluster1,0.0718973651599398,115.12741088867188
A - 1(fld 1 wv DAPI - DAPI),164,cluster2,0.9984753244862208,125.18065643310548
A - 1(fld 1 wv DAPI - DAPI),165,cluster2,0.9988184681429552,114.7841339111328
A - 1(fld 1 wv DAPI - DAPI),166,cluster2,0.9931925083795302,113.35360717773438
A - 1(fld 1 wv DAPI - DAPI),167,cluster1,2.937165448714962e-06,145.87286376953125
A - 1(fld 1 wv DAPI - DAPI),168,uncertain,0.7680354997856181,120.37139129638672
A - 1(fld 1 wv DAPI - DAPI),169,cluster1,0.0004985703790228,128.43817138671875
A - 1(fld 1 wv DAPI - DAPI),170,cluster2,0.993155115257954,107.55606079101562
A - 1(fld 1 wv DAPI - DAPI),171,cluster2,0.9998414155581394,115.24324035644533
A - 1(fld 1 wv DAPI - DAPI),172,cluster2,0.9990867298028816,115.24803924560548
A - 1(fld 1 wv DAPI - DAPI),173,cluster1,8.093935188207922e-08,159.87904357910156
A - 1(fld 1 wv DAPI - DAPI),174,cluster1,0.0019788037344919,124.00675964355467
A - 1(fld 1 wv DAPI - DAPI),175,cluster1,0.1109478215003862,133.13812255859375
A - 1(fld 1 wv DAPI - DAPI),176,cluster1,0.0003002882303954,144.0035858154297
A - 1(fld 1 wv DAPI - DAPI),177,cluster1,0.0004573504039053,148.7838134765625
A - 1(fld 1 wv DAPI - DAPI),178,cluster1,0.0149361756965873,119.67916870117188
A - 1(fld 1 wv DAPI - DAPI),179,cluster2,0.9929321170456336,113.4227294921875
A - 1(fld 1 wv DAPI - DAPI),180,cluster2,0.9970022692612188,140.03944396972656
A - 1(fld 1 wv DAPI - DAPI),181,cluster1,1.247356715911414e-05,140.884765625
A - 1(fld 1 wv DAPI - DAPI),183,cluster1,0.0193801288560486,137.4440460205078
A - 1(fld 1 wv DAPI - DAPI),184,cluster1,9.526040800750995e-06,152.20852661132812
A - 1(fld 1 wv DAPI - DAPI),185,cluster1,0.0236416480504153,134.56228637695312
A - 1(fld 1 wv DAPI - DAPI),186,cluster1,0.3030929859340107,119.30660247802734
A - 1(fld 1 wv DAPI - DAPI),187,uncertain,0.4897511806250729,111.17638397216795
A - 1(fld 1 wv DAPI - DAPI),188,cluster1,0.0059798103598021,152.0514678955078
A - 1(fld 1 wv DAPI - DAPI),189,cluster2,0.9999084515310596,122.24674224853516
A - 1(fld 1 wv DAPI - DAPI),190,cluster2,0.9972476412110906,123.58030700683594
A - 1(fld 1 wv DAPI - DAPI),191,cluster1,0.003658517960608,146.92904663085938
A - 1(fld 1 wv DAPI - DAPI),192,cluster1,0.0102215708534587,115.54054260253906
A - 1(fld 1 wv DAPI - DAPI),193,cluster1,0.0034467953501987,154.63015747070312
A - 1(fld 1 wv DAPI - DAPI),194,cluster1,0.0137119885262158,113.5909652709961
A - 1(fld 1 wv DAPI - DAPI),195,cluster1,3.518729377969934e-05,146.1604766845703
A - 1(fld 1 wv DAPI - DAPI),196,cluster1,1.1945495976162287e-05,146.6459197998047
A - 1(fld 1 wv DAPI - DAPI),197,cluster2,0.9972213420723396,115.51329040527344
A - 1(fld 1 wv DAPI - DAPI),198,cluster1,6.648145928766622e-07,141.85633850097656
A - 1(fld 1 wv DAPI - DAPI),199,cluster2,0.9428019778974376,109.50824737548828
A - 1(fld 1 wv DAPI - DAPI),200,cluster1,4.672145869404109e-07,147.09933471679688
A - 1(fld 1 wv DAPI - DAPI),201,cluster1,1.4169049066553805e-06,114.1783447265625
A - 1(fld 1 wv DAPI - DAPI),202,cluster1,0.0005246250248005,136.92213439941406
A - 1(fld 1 wv DAPI - DAPI),203,uncertain,0.3573811089996367,118.97972869873048
A - 1(fld 1 wv DAPI - DAPI),204,cluster1,0.0001013684537605,133.779052734375
A - 1(fld 1 wv DAPI - DAPI),205,cluster2,0.8166718467635247,123.5999984741211
A - 1(fld 1 wv DAPI - DAPI),206,cluster2,0.9845839091322895,128.48678588867188
A - 1(fld 1 wv DAPI - DAPI),207,cluster1,2.363772817046576e-05,163.31443786621094
A - 1(fld 1 wv DAPI - DAPI),208,cluster2,0.9991986017490108,111.49520111083984
A - 1(fld 1 wv DAPI - DAPI),209,cluster1,0.0001278606999199,153.8905029296875
A - 1(fld 1 wv DAPI - DAPI),210,cluster1,1.1172534900922511e-06,151.7980194091797
A - 1(fld 1 wv DAPI - DAPI),211,cluster1,0.3427377892586,118.08028411865234
A - 1(fld 1 wv DAPI - DAPI),212,cluster2,0.9999998141037838,108.7696304321289
A - 1(fld 1 wv DAPI - DAPI),213,cluster1,0.0105370673992963,137.9886932373047
A - 1(fld 1 wv DAPI - DAPI),214,cluster1,4.778700120377106e-06,148.18267822265625
A - 1(fld 1 wv DAPI - DAPI),215,cluster1,0.0011094929521959,154.93307495117188
A - 1(fld 1 wv DAPI - DAPI),216,cluster2,0.9982514841752984,118.17042541503906
A - 1(fld 1 wv DAPI - DAPI),217,cluster2,0.9960538428353976,114.80384063720705
A - 1(fld 1 wv DAPI - DAPI),218,cluster1,1.3408021626097796e-05,167.31350708007812
A - 1(fld 1 wv DAPI - DAPI),219,cluster1,4.732531425359189e-07,150.2394561767578
A - 1(fld 1 wv DAPI - DAPI),220,cluster2,0.999846657003761,116.31830596923828
A - 1(fld 1 wv DAPI - DAPI),221,cluster1,1.6827804238819564e-06,158.73953247070312
A - 1(fld 1 wv DAPI - DAPI),223,cluster2,0.9989524636136886,126.7669448852539
A - 1(fld 1 wv DAPI - DAPI),224,cluster1,0.2985366889159621,113.48936462402344
A - 1(fld 1 wv DAPI - DAPI),225,cluster1,0.0012983917817839,152.55015563964844
A - 1(fld 1 wv DAPI - DAPI),226,cluster1,2.3902381555960936e-07,150.28085327148438
A - 1(fld 1 wv DAPI - DAPI),227,cluster2,0.8650894383304621,117.86612701416016
A - 1(fld 1 wv DAPI - DAPI),228,cluster1,1.1568266740884515e-07,151.09091186523438
A - 1(fld 1 wv DAPI - DAPI),229,cluster1,0.1002648896920904,127.7106704711914
A - 1(fld 1 wv DAPI - DAPI),230,cluster1,4.507475104036144e-06,134.47557067871094
A - 1(fld 1 wv DAPI - DAPI),231,cluster2,0.9998986132531186,109.51587677001952
A - 1(fld 1 wv DAPI - DAPI),232,cluster2,0.92097269215943,112.57894897460938
A - 1(fld 1 wv DAPI - DAPI),233,cluster2,0.8514167500865724,116.48604583740234
A - 1(fld 1 wv DAPI - DAPI),234,cluster1,0.0087052343197434,144.1515655517578
A - 1(fld 1 wv DAPI - DAPI),235,cluster2,0.9974722395928116,113.83999633789062
A - 1(fld 1 wv DAPI - DAPI),236,cluster1,1.5685238252367657e-05,155.8727264404297
A - 1(fld 1 wv DAPI - DAPI),237,cluster1,1.776344563137632e-06,152.66139221191406
A - 1(fld 1 wv DAPI - DAPI),238,cluster2,0.999895010766643,112.4346923828125
A - 1(fld 1 wv DAPI - DAPI),239,cluster1,8.140471978649184e-06,164.3968505859375
A - 1(fld 1 wv DAPI - DAPI),240,uncertain,0.6389928428710708,115.0442352294922
A - 1(fld 1 wv DAPI - DAPI),241,cluster1,1.10211587161102e-05,150.19261169433594
A - 1(fld 1 wv DAPI - DAPI),242,cluster1,0.0341272020156365,142.14480590820312
A - 1(fld 1 wv DAPI - DAPI),243,cluster2,0.9987767610781912,114.44456481933594
A - 1(fld 1 wv DAPI - DAPI),244,cluster1,2.4940845216508326e-06,148.69879150390625
A - 1(fld 1 wv DAPI - DAPI),245,cluster2,0.9933040017555184,114.45472717285156
A - 1(fld 1 wv DAPI - DAPI),246,cluster2,0.9997231899585516,119.97818756103516
A - 1(fld 1 wv DAPI - DAPI),247,cluster1,3.1684206707985615e-07,163.1453857421875
A - 1(fld 1 wv DAPI - DAPI),248,cluster1,0.0003283897747824,141.70758056640625
A - 1(fld 1 wv DAPI - DAPI),249,cluster2,0.999813715445373,113.1688461303711
A - 1(fld 1 wv DAPI - DAPI),250,uncertain,0.552921805950939,132.20626831054688
A - 1(fld 1 wv DAPI - DAPI),251,cluster2,0.8014609945010809,114.3977508544922
A - 1(fld 1 wv DAPI - DAPI),252,cluster2,0.9999941028522622,125.5500030517578
A - 1(fld 1 wv DAPI - DAPI),253,cluster2,0.9999851268740606,120.70490264892578
A - 1(fld 1 wv DAPI - DAPI),254,cluster2,0.997777788903937,130.05076599121094
A - 1(fld 1 wv DAPI - DAPI),255,cluster1,0.0004755384466864,149.31521606445312
A - 1(fld 1 wv DAPI - DAPI),256,cluster1,8.16073775535279e-05,159.1893768310547
A - 1(fld 1 wv DAPI - DAPI),258,cluster2,0.9999065520790116,125.5082778930664
A - 1(fld 1 wv DAPI - DAPI),259,uncertain,0.58451715059542,125.85997009277344
A - 1(fld 1 wv DAPI - DAPI),260,cluster2,0.9997895676593648,113.965087890625
A - 1(fld 1 wv DAPI - DAPI),261,cluster1,8.201112996392255e-07,119.59580993652344
A - 1(fld 1 wv DAPI - DAPI),262,uncertain,0.546549084419532,115.6453857421875
A - 1(fld 1 wv DAPI - DAPI),263,cluster2,0.9996420249081804,121.72837829589844
A - 1(fld 1 wv DAPI - DAPI),264,cluster2,0.9954869823873728,126.6671905517578
A - 1(fld 1 wv DAPI - DAPI),265,cluster1,6.760846304253992e-06,152.92652893066406
A - 1(fld 1 wv DAPI - DAPI),266,cluster1,2.6862009591429245e-05,154.16220092773438
A - 1(fld 1 wv DAPI - DAPI),267,cluster1,0.0003619131124853,139.76162719726562
A - 1(fld 1 wv DAPI - DAPI),268,uncertain,0.6628987339992667,120.01951599121094
A - 1(fld 1 wv DAPI - DAPI),269,cluster1,2.5361455734375304e-07,151.55300903320312
A - 1(fld 1 wv DAPI - DAPI),270,cluster1,1.8829024500649528e-05,146.27386474609375
A - 1(fld 1 wv DAPI - DAPI),271,cluster1,9.188947883436268e-06,146.77882385253906
A - 1(fld 1 wv DAPI - DAPI),272,cluster1,0.000167429980688,156.49635314941406
A - 1(fld 1 wv DAPI - DAPI),273,cluster1,0.0003574522013324,147.08425903320312
A - 1(fld 1 wv DAPI - DAPI),274,cluster1,9.288417613612584e-05,143.19769287109375
A - 1(fld 1 wv DAPI - DAPI),275,cluster2,0.999993744860252,114.46907806396484
A - 1(fld 1 wv DAPI - DAPI),276,cluster2,0.8067372801126148,127.00582122802734
A - 1(fld 1 wv DAPI - DAPI),277,cluster1,0.0024851518323297,149.83963012695312
A - 1(fld 1 wv DAPI - DAPI),278,cluster2,0.9660808047408465,117.62531280517578
A - 1(fld 1 wv DAPI - DAPI),279,cluster1,2.3961432813693268e-05,152.1164093017578
A - 1(fld 1 wv DAPI - DAPI),280,cluster2,0.997546699818957,114.86278533935548
A - 1(fld 1 wv DAPI - DAPI),281,cluster1,0.0002017607817293,152.4383544921875
A - 1(fld 1 wv DAPI - DAPI),282,cluster2,0.9905473725748776,118.87154388427734
A - 1(fld 1 wv DAPI - DAPI),283,cluster1,0.0001286006625165,166.76165771484375
A - 1(fld 1 wv DAPI - DAPI),284,cluster2,0.9996305834663272,114.8830108642578
A - 1(fld 1 wv DAPI - DAPI),285,cluster1,5.3027854262598195e-09,148.99822998046875
A - 1(fld 1 wv DAPI - DAPI),286,cluster1,8.837236231671156e-06,144.41188049316406
A - 1(fld 1 wv DAPI - DAPI),287,cluster1,0.0004917461825347,155.28274536132812
A - 1(fld 1 wv DAPI - DAPI),288,cluster1,0.067831441628528,139.69166564941406
A - 1(fld 1 wv DAPI - DAPI),289,cluster1,0.0002535005370619,148.9397430419922
A - 1(fld 1 wv DAPI - DAPI),290,cluster1,0.000104949929071,151.8194122314453
A - 1(fld 1 wv DAPI - DAPI),291,cluster1,1.19643245532008e-05,157.9255828857422
A - 1(fld 1 wv DAPI - DAPI),292,cluster1,0.0001465443108987,163.2529754638672
A - 1(fld 1 wv DAPI - DAPI),293,cluster1,4.69811213566392e-05,162.5666046142578
A - 1(fld 1 wv DAPI - DAPI),294,cluster2,0.931540019869631,117.32980346679688
A - 1(fld 1 wv DAPI - DAPI),295,cluster1,5.3974887884905015e-06,164.5906982421875
A - 1(fld 1 wv DAPI - DAPI),297,cluster2,0.9978799155808974,113.23939514160156
A - 1(fld 1 wv DAPI - DAPI),298,cluster2,0.983173042681552,122.53009033203124
A - 1(fld 1 wv DAPI - DAPI),299,cluster1,2.4879879070215875e-06,141.93402099609375
A - 1(fld 1 wv DAPI - DAPI),300,cluster1,0.0010657698290423,150.31558227539062
A - 1(fld 1 wv DAPI - DAPI),301,cluster2,0.962634605449645,118.4627685546875
A - 1(fld 1 wv DAPI - DAPI),302,cluster2,0.9876495399280406,127.36050415039062
A - 1(fld 1 wv DAPI - DAPI),303,cluster2,0.9983167495458556,119.63336944580078
A - 1(fld 1 wv DAPI - DAPI),304,cluster2,0.9994243873055902,118.5287628173828
A - 1(fld 1 wv DAPI - DAPI),305,cluster2,0.9981619042580242,114.2617416381836
A - 1(fld 1 wv DAPI - DAPI),306,cluster1,7.66723493230385e-05,164.93289184570312
A - 1(fld 1 wv DAPI - DAPI),307,cluster1,2.5562762271622054e-07,168.4033203125
A - 1(fld 1 wv DAPI - DAPI),308,uncertain,0.6824566485409751,133.5875701904297
A - 1(fld 1 wv DAPI - DAPI),309,cluster2,0.8993804715770103,114.99185180664062
A - 1(fld 1 wv DAPI - DAPI),310,cluster2,0.9819198073373768,124.56672668457033
A - 1(fld 1 wv DAPI - DAPI),311,cluster1,5.026329081702116e-05,155.368896484375
A - 1(fld 1 wv DAPI - DAPI),312,cluster1,0.0008989161439067,145.5508575439453
A - 1(fld 1 wv DAPI - DAPI),313,cluster1,0.0003123108800481,156.60733032226562
A - 1(fld 1 wv DAPI - DAPI),314,cluster1,8.577719178283835e-06,151.31793212890625
A - 1(fld 1 wv DAPI - DAPI),315,cluster1,0.0001201128663178,165.26124572753906
A - 1(fld 1 wv DAPI - DAPI),316,cluster2,0.9972974578334104,111.59602355957033
A - 1(fld 1 wv DAPI - DAPI),317,cluster1,0.0001529788418133,165.2327117919922
A - 1(fld 1 wv DAPI - DAPI),318,cluster1,4.0679369251912605e-06,131.0802459716797
A - 1(fld 1 wv DAPI - DAPI),319,cluster2,0.999241947072352,132.19020080566406
A - 1(fld 1 wv DAPI - DAPI),320,cluster1,4.810363929382016e-05,164.0572967529297
A - 1(fld 1 wv DAPI - DAPI),321,cluster1,0.0003656787588901,131.4113311767578
A - 1(fld 1 wv DAPI - DAPI),322,cluster2,0.9582149844423778,120.01905059814452
A - 1(fld 1 wv DAPI - DAPI),323,cluster1,6.919094673971932e-07,165.15673828125
A - 1(fld 1 wv DAPI - DAPI),324,cluster1,1.2943946480362461e-07,148.59600830078125
A - 1(fld 1 wv DAPI - DAPI),325,cluster1,0.0001122105565432,132.15916442871094
A - 1(fld 1 wv DAPI - DAPI),326,cluster2,0.97524151140435,117.03105926513672
A - 1(fld 1 wv DAPI - DAPI),327,uncertain,0.6697606463705686,134.58932495117188
A - 1(fld 1 wv DAPI - DAPI),328,cluster1,0.0021204440867788,145.4307098388672
A - 1(fld 1 wv DAPI - DAPI),329,cluster2,0.9899671143753772,129.5479278564453
A - 1(fld 1 wv DAPI - DAPI),330,cluster2,0.9999845946776256,113.70850372314452
A - 1(fld 1 wv DAPI - DAPI),331,cluster2,0.9997611117986452,122.82758331298828
A - 1(fld 1 wv DAPI - DAPI),332,cluster1,0.3382651982641312,126.58716583251952
A - 1(fld 1 wv DAPI - DAPI),333,cluster1,9.135178815275165e-06,170.55801391601562
A - 1(fld 1 wv DAPI - DAPI),334,cluster2,0.8736460703927893,112.87351989746094
A - 1(fld 1 wv DAPI - DAPI),335,cluster1,2.069079805944118e-05,145.02197265625
A - 1(fld 1 wv DAPI - DAPI),336,cluster1,8.811201049509504e-05,148.4296875
A - 1(fld 1 wv DAPI - DAPI),337,cluster2,0.9998807058620884,128.02732849121094
A - 1(fld 1 wv DAPI - DAPI),338,cluster2,0.9998264334204496,115.56473541259766
A - 1(fld 1 wv DAPI - DAPI),339,cluster1,0.0009190103647251,162.1479034423828
A - 1(fld 1 wv DAPI - DAPI),340,cluster1,4.0533906270269794e-05,162.8893585205078
A - 1(fld 1 wv DAPI - DAPI),341,cluster1,1.7329538870178232e-05,173.3120574951172
A - 1(fld 1 wv DAPI - DAPI),342,cluster1,0.0048043015748118,136.4635467529297
A - 1(fld 1 wv DAPI - DAPI),343,cluster1,0.000163766532145,172.12759399414062
A - 1(fld 1 wv DAPI - DAPI),344,cluster2,0.9939580172682714,108.95477294921876
A - 1(fld 1 wv DAPI - DAPI),345,uncertain,0.7158010316130432,123.91603088378906
A - 1(fld 1 wv DAPI - DAPI),346,cluster1,9.862343201762457e-06,163.697265625
A - 1(fld 1 wv DAPI - DAPI),347,cluster1,4.446774087094545e-07,170.89028930664062
A - 1(fld 1 wv DAPI - DAPI),349,cluster2,0.9999969632049052,125.57941436767578
A - 1(fld 1 wv DAPI - DAPI),350,cluster2,0.9940969963715474,121.0871353149414
A - 1(fld 1 wv DAPI - DAPI),351,cluster1,9.566598083571288e-06,154.61651611328125
A - 1(fld 1 wv DAPI - DAPI),352,cluster2,0.8436941119031187,119.0073013305664
A - 1(fld 1 wv DAPI - DAPI),353,cluster1,0.0003751535689288,166.55584716796875
A - 1(fld 1 wv DAPI - DAPI),354,cluster1,8.726517592695967e-08,166.2360076904297
A - 1(fld 1 wv DAPI - DAPI),355,cluster2,0.9993772439202152,117.75881958007812
A - 1(fld 1 wv DAPI - DAPI),356,uncertain,0.7755113706881462,139.40530395507812
A - 1(fld 1 wv DAPI - DAPI),357,cluster1,3.730790496933635e-05,152.7176055908203
A - 1(fld 1 wv DAPI - DAPI),358,cluster1,4.159969389740701e-07,150.0648193359375
A - 1(fld 1 wv DAPI - DAPI),360,cluster1,0.2785663835133705,133.33636474609375
A - 1(fld 1 wv DAPI - DAPI),361,cluster1,2.549065949898654e-07,152.8867645263672
A - 1(fld 1 wv DAPI - DAPI),362,cluster1,0.0001109816052105,130.160888671875
A - 1(fld 1 wv DAPI - DAPI),363,cluster2,0.9460443771792104,121.81629943847656
A - 1(fld 1 wv DAPI - DAPI),364,cluster1,0.002536988451956,136.34353637695312
A - 1(fld 1 wv DAPI - DAPI),365,cluster1,8.525372338639868e-05,159.12899780273438
A - 1(fld 1 wv DAPI - DAPI),366,cluster1,7.333832563456198e-05,168.48121643066406
A - 1(fld 1 wv DAPI - DAPI),367,cluster2,0.999053736415648,112.14421081542967
A - 1(fld 1 wv DAPI - DAPI),368,cluster2,0.9407138344601096,113.37188720703124
A - 1(fld 1 wv DAPI - DAPI),369,cluster2,0.9928317040588232,123.00662994384766
A - 1(fld 1 wv DAPI - DAPI),370,cluster2,0.9989927353124204,112.69988250732422
A - 1(fld 1 wv DAPI - DAPI),371,cluster2,0.9986150665209984,126.44756317138672
A - 1(fld 1 wv DAPI - DAPI),372,cluster1,0.0009013525087243,145.38876342773438
A - 1(fld 1 wv DAPI - DAPI),373,cluster1,5.824888907583271e-05,163.270263671875
A - 1(fld 1 wv DAPI - DAPI),374,cluster1,8.375449587027277e-05,155.05967712402344
A - 1(fld 1 wv DAPI - DAPI),375,cluster1,0.0005564450174205,141.06190490722656
A - 1(fld 1 wv DAPI - DAPI),376,cluster2,0.9998283092959463,122.72432708740234
A - 1(fld 1 wv DAPI - DAPI),377,cluster1,3.053486459717323e-05,144.53976440429688
A - 1(fld 1 wv DAPI - DAPI),379,cluster1,1.508098389062773e-09,173.02549743652344
A - 1(fld 1 wv DAPI - DAPI),380,uncertain,0.5970743921342777,121.75797271728516
A - 1(fld 1 wv DAPI - DAPI),381,cluster2,0.8800383830868291,131.86798095703125
A - 1(fld 1 wv DAPI - DAPI),382,cluster1,3.59519919816822e-05,159.4041290283203
A - 1(fld 1 wv DAPI - DAPI),383,cluster2,0.999768654864856,109.721923828125
A - 1(fld 1 wv DAPI - DAPI),384,cluster2,0.9302691070796412,128.9569549560547
A - 1(fld 1 wv DAPI - DAPI),385,cluster1,3.211968308064021e-09,155.1554412841797
A - 1(fld 1 wv DAPI - DAPI),386,uncertain,0.7954092247132211,146.67747497558594
A - 1(fld 1 wv DAPI - DAPI),387,cluster1,6.877143319953754e-06,150.19619750976562
A - 1(fld 1 wv DAPI - DAPI),388,cluster2,0.9569056235249384,115.17185974121094
A - 1(fld 1 wv DAPI - DAPI),389,cluster2,0.9999289301444202,129.4586639404297
A - 1(fld 1 wv DAPI - DAPI),390,cluster1,0.0001236436364064,150.69320678710938
A - 1(fld 1 wv DAPI - DAPI),391,cluster2,0.988542626671294,112.9975814819336
A - 1(fld 1 wv DAPI - DAPI),392,cluster2,0.8727298277052082,124.82830810546876
A - 1(fld 1 wv DAPI - DAPI),393,cluster1,1.6728378750465895e-06,158.7239990234375
A - 1(fld 1 wv DAPI - DAPI),394,cluster1,0.0001140761977772,170.2091522216797
A - 1(fld 1 wv DAPI - DAPI),395,cluster1,0.0006010016377956,165.98699951171875
A - 1(fld 1 wv DAPI - DAPI),396,cluster2,0.9999882121006484,121.43197631835938
A - 1(fld 1 wv DAPI - DAPI),397,cluster1,0.0247111882116475,142.0048065185547
A - 1(fld 1 wv DAPI - DAPI),398,cluster2,0.97492587157451,119.53104400634766
A - 1(fld 1 wv DAPI - DAPI),399,uncertain,0.6760267296096999,125.39021301269533
A - 1(fld 1 wv DAPI - DAPI),400,cluster1,0.0008218692679837,165.7628173828125
A - 1(fld 1 wv DAPI - DAPI),401,cluster1,0.0014185580997501,161.45681762695312
A - 1(fld 1 wv DAPI - DAPI),402,cluster1,7.974636321845284e-05,155.48971557617188
A - 1(fld 1 wv DAPI - DAPI),403,cluster1,0.0003852054172466,161.0986328125
A - 1(fld 1 wv DAPI - DAPI),404,cluster2,0.9770393102370172,120.54303741455078
A - 1(fld 1 wv DAPI - DAPI),405,cluster2,0.9971248436492692,119.33920288085938
A - 1(fld 1 wv DAPI - DAPI),406,cluster1,2.6121115434844107e-05,167.0958709716797
A - 1(fld 1 wv DAPI - DAPI),407,cluster1,1.3206113228272351e-05,161.41400146484375
A - 1(fld 1 wv DAPI - DAPI),408,cluster1,0.0001211786943217,140.37950134277344
A - 1(fld 1 wv DAPI - DAPI),410,cluster1,0.0006750875025636,150.27713012695312
A - 1(fld 1 wv DAPI - DAPI),411,cluster1,1.186197782694699e-05,164.64630126953125
A - 1(fld 1 wv DAPI - DAPI),412,cluster1,4.485509437388058e-07,165.41148376464844
A - 1(fld 1 wv DAPI - DAPI),413,cluster2,0.9989542073682052,125.69593048095705
A - 1(fld 1 wv DAPI - DAPI),414,cluster1,1.7709861301654469e-06,159.313232421875
A - 1(fld 1 wv DAPI - DAPI),415,cluster1,7.451781029376872e-07,154.67103576660156
A - 1(fld 1 wv DAPI - DAPI),416,cluster1,6.513506991599124e-06,165.12478637695312
A - 1(fld 1 wv DAPI - DAPI),417,uncertain,0.7531036638078824,137.16455078125
A - 1(fld 1 wv DAPI - DAPI),418,cluster2,0.933996902561899,108.92170715332033
A - 1(fld 1 wv DAPI - DAPI),419,cluster2,0.971306130811726,118.12140655517578
A - 1(fld 1 wv DAPI - DAPI),420,cluster2,0.9999779203467016,109.47755432128906
A - 1(fld 1 wv DAPI - DAPI),421,cluster1,0.0006675229422485,161.03549194335938
A - 1(fld 1 wv DAPI - DAPI),422,cluster2,0.9376534785983838,114.17093658447266
A - 1(fld 1 wv DAPI - DAPI),423,cluster1,0.0003565758819686,168.58824157714844
A - 1(fld 1 wv DAPI - DAPI),424,cluster2,0.999987714650875,124.18211364746094
A - 1(fld 1 wv DAPI - DAPI),425,cluster2,0.999475409578796,114.69061279296876
A - 1(fld 1 wv DAPI - DAPI),426,cluster1,0.0002930440915719,153.4013214111328
A - 1(fld 1 wv DAPI - DAPI),427,cluster1,0.0003636020524772,150.1356201171875
A - 1(fld 1 wv DAPI - DAPI),428,cluster1,9.437703708476247e-05,184.38282775878903
A - 1(fld 1 wv DAPI - DAPI),429,cluster1,0.0003167027587342,164.86624145507812
A - 1(fld 1 wv DAPI - DAPI),430,uncertain,0.4600547786461357,143.61721801757812
A - 1(fld 1 wv DAPI - DAPI),431,cluster1,0.0004437351884758,164.51748657226562
A - 1(fld 1 wv DAPI - DAPI),433,cluster2,0.9985151071744536,112.7576904296875
A - 1(fld 1 wv DAPI - DAPI),434,cluster1,0.0001302454680903,153.8624725341797
A - 1(fld 1 wv DAPI - DAPI),435,cluster1,0.000156877190184,164.23268127441406
A - 1(fld 1 wv DAPI - DAPI),436,cluster2,0.9974402509074428,119.75408172607422
A - 1(fld 1 wv DAPI - DAPI),437,cluster2,0.9997698872311565,113.2173080444336
A - 1(fld 1 wv DAPI - DAPI),438,cluster2,0.9986950220335784,120.36344909667967
A - 1(fld 1 wv DAPI - DAPI),439,cluster2,0.9821644227304502,118.01559448242188
A - 1(fld 1 wv DAPI - DAPI),440,cluster2,0.8768721874004959,116.78787994384766
A - 1(fld 1 wv DAPI - DAPI),441,cluster1,1.400780696475574e-07,167.3015594482422
A - 1(fld 1 wv DAPI - DAPI),442,cluster2,0.9999982898890613,130.77828979492188
A - 1(fld 1 wv DAPI - DAPI),443,cluster1,0.0002151431752922,176.78794860839844
A - 1(fld 1 wv DAPI - DAPI),444,cluster1,5.798846761425895e-05,158.27224731445312
A - 1(fld 1 wv DAPI - DAPI),445,cluster2,0.9950218196176552,120.0942611694336
A - 1(fld 1 wv DAPI - DAPI),446,cluster2,0.9596217292873778,126.47559356689452
A - 1(fld 1 wv DAPI - DAPI),447,cluster2,0.9997946110733934,121.74024200439452
A - 1(fld 1 wv DAPI - DAPI),448,cluster1,0.0001516422723513,142.13580322265625
A - 1(fld 1 wv DAPI - DAPI),449,cluster1,4.056573004211569e-07,175.01644897460938
A - 1(fld 1 wv DAPI - DAPI),450,cluster1,6.025463990487269e-05,175.3048858642578
A - 1(fld 1 wv DAPI - DAPI),451,cluster1,1.432178738684707e-05,153.52882385253906
A - 1(fld 1 wv DAPI - DAPI),452,cluster1,6.82516448121969e-05,172.97360229492188
A - 1(fld 1 wv DAPI - DAPI),453,cluster2,0.9999515292484472,119.80978393554688
A - 1(fld 1 wv DAPI - DAPI),454,cluster2,0.9997416694611828,124.63497924804688
A - 1(fld 1 wv DAPI - DAPI),455,cluster2,0.980063773907056,109.18604278564452
A - 1(fld 1 wv DAPI - DAPI),456,cluster2,0.97409520128117,127.20502471923828
A - 1(fld 1 wv DAPI - DAPI),457,cluster1,1.923591866018915e-06,142.36129760742188
A - 1(fld 1 wv DAPI - DAPI),458,cluster1,1.1544454111384424e-05,177.41888427734375
A - 1(fld 1 wv DAPI - DAPI),459,cluster1,0.0011354578654884,147.40957641601562
A - 1(fld 1 wv DAPI - DAPI),460,cluster1,2.321401419659323e-05,178.66036987304688
A - 1(fld 1 wv DAPI - DAPI),461,cluster1,0.0001707287014757,155.47250366210938
A - 1(fld 1 wv DAPI - DAPI),462,cluster1,0.3365579841635918,132.4140167236328
A - 1(fld 1 wv DAPI - DAPI),463,cluster1,8.806188124534956e-05,169.4472198486328
A - 1(fld 1 wv DAPI - DAPI),464,cluster2,0.9999520706086596,112.85858917236328
A - 1(fld 1 wv DAPI - DAPI),465,cluster2,0.9801521750547983,115.163330078125
A - 1(fld 1 wv DAPI - DAPI),466,cluster1,0.2676035759640593,144.60667419433594
A - 1(fld 1 wv DAPI - DAPI),467,cluster1,8.679024655319145e-05,171.02459716796875
A - 1(fld 1 wv DAPI - DAPI),468,cluster1,4.772673861640664e-05,185.27149963378903
A - 1(fld 1 wv DAPI - DAPI),469,cluster1,1.3828694598784096e-05,170.64434814453125
A - 1(fld 1 wv DAPI - DAPI),471,cluster1,0.0001245674170961,172.8835906982422
A - 1(fld 1 wv DAPI - DAPI),472,cluster1,3.6775964547525848e-06,179.33013916015625
A - 1(fld 1 wv DAPI - DAPI),473,cluster2,0.9589188612260032,124.20065307617188
A - 1(fld 1 wv DAPI - DAPI),474,cluster1,0.0003035183683388,159.1001434326172
A - 1(fld 1 wv DAPI - DAPI),475,cluster1,5.467689283661247e-06,142.84616088867188
A - 1(fld 1 wv DAPI - DAPI),476,cluster1,0.0006413943286606,147.12425231933594
A - 1(fld 1 wv DAPI - DAPI),477,cluster2,0.999480992307018,126.899169921875
A - 1(fld 1 wv DAPI - DAPI),478,cluster1,1.8160848278944784e-06,173.63636779785156
A - 1(fld 1 wv DAPI - DAPI),479,cluster1,8.064587749437309e-05,174.88372802734375
A - 1(fld 1 wv DAPI - DAPI),480,cluster1,0.0001092593997725,172.17848205566406
A - 1(fld 1 wv DAPI - DAPI),481,cluster1,7.647839302026404e-06,183.4036865234375
A - 1(fld 1 wv DAPI - DAPI),482,cluster1,0.000910312683,157.04400634765625
A - 1(fld 1 wv DAPI - DAPI),483,cluster1,0.0025988038631246,158.2594451904297
A - 1(fld 1 wv DAPI - DAPI),484,cluster1,0.0001175845722735,155.38075256347656
A - 1(fld 1 wv DAPI - DAPI),485,cluster1,4.377488060848412e-05,168.89366149902344
A - 1(fld 1 wv DAPI - DAPI),486,cluster1,6.150157184261014e-05,171.83677673339844
A - 1(fld 1 wv DAPI - DAPI),487,cluster2,0.963501237962813,117.1584930419922
A - 1(fld 1 wv DAPI - DAPI),488,cluster1,1.821383004311004e-05,167.40362548828125
A - 1(fld 1 wv DAPI - DAPI),489,cluster2,0.9998555691258691,115.79363250732422
A - 1(fld 1 wv DAPI - DAPI),490,cluster2,0.9981694020383638,112.71218872070312
A - 1(fld 1 wv DAPI - DAPI),491,cluster1,1.3386552290898718e-06,171.086181640625
A - 1(fld 1 wv DAPI - DAPI),492,cluster1,6.263143652503263e-06,166.82640075683594
A - 1(fld 1 wv DAPI - DAPI),493,cluster1,6.93808050828025e-05,167.9798583984375
A - 1(fld 1 wv DAPI - DAPI),494,cluster1,2.245198167488884e-05,155.58734130859375
A - 1(fld 1 wv DAPI - DAPI),495,cluster2,0.9989876670866078,113.85350036621094
A - 1(fld 1 wv DAPI - DAPI),496,cluster2,0.9962220862689471,122.99044036865234
A - 1(fld 1 wv DAPI - DAPI),497,cluster2,0.9489547161422895,137.80165100097656
A - 1(fld 1 wv DAPI - DAPI),498,cluster2,0.9997282583149614,125.43820190429688
A - 1(fld 1 wv DAPI - DAPI),499,cluster2,0.9998568098494792,121.65293884277344
A - 1(fld 1 wv DAPI - DAPI),500,cluster1,0.0010095524901332,166.6503448486328
A - 1(fld 1 wv DAPI - DAPI),501,cluster1,0.0074712934861021,154.3248291015625
A - 1(fld 1 wv DAPI - DAPI),502,cluster1,0.0002019552368759,178.0196075439453
A - 1(fld 1 wv DAPI - DAPI),503,cluster1,5.482196090622386e-06,164.18067932128906
A - 1(fld 1 wv DAPI - DAPI),504,cluster2,0.9939848707845366,123.5548095703125
A - 1(fld 1 wv DAPI - DAPI),505,cluster1,4.060488832908574e-05,152.62628173828125
A - 1(fld 1 wv DAPI - DAPI),506,cluster1,0.0019442134034132,158.66387939453125
A - 1(fld 1 wv DAPI - DAPI),507,cluster1,0.0008867552270116,169.89805603027344
A - 1(fld 1 wv DAPI - DAPI),508,cluster1,0.0001225714726965,183.2674102783203
A - 1(fld 1 wv DAPI - DAPI),510,cluster1,2.8817518199049025e-05,181.3012542724609
A - 1(fld 1 wv DAPI - DAPI),511,cluster1,8.9301358289647e-05,180.39340209960932
A - 1(fld 1 wv DAPI - DAPI),512,cluster1,9.100787486667774e-05,166.09735107421875
A - 1(fld 1 wv DAPI - DAPI),513,cluster2,0.9999276175603194,118.81377410888672
A - 1(fld 1 wv DAPI - DAPI),514,cluster2,0.9924716043763046,144.91114807128906
A - 1(fld 1 wv DAPI - DAPI),515,cluster2,0.998977270825724,121.55621337890624
A - 1(fld 1 wv DAPI - DAPI),516,cluster1,0.0084735957623654,148.07110595703125
A - 1(fld 1 wv DAPI - DAPI),517,cluster2,0.9993451265055664,122.65763092041016
A - 1(fld 1 wv DAPI - DAPI),518,cluster1,0.0014851605283278,151.41319274902344
A - 1(fld 1 wv DAPI - DAPI),519,cluster1,1.568799872163343e-05,193.05813598632807
A - 1(fld 1 wv DAPI - DAPI),520,cluster2,0.999997124613268,115.48446655273438
A - 1(fld 1 wv DAPI - DAPI),521,cluster2,0.9995779048033516,112.80355072021484
A - 1(fld 1 wv DAPI - DAPI),522,cluster2,0.9996838940146908,139.0057830810547
A - 1(fld 1 wv DAPI - DAPI),523,cluster2,0.985083326163944,145.87681579589844
A - 1(fld 1 wv DAPI - DAPI),524,cluster1,0.0006724682807212,172.78231811523438
A - 1(fld 1 wv DAPI - DAPI),525,cluster2,0.9996155094650604,118.3654327392578
A - 1(fld 1 wv DAPI - DAPI),526,cluster2,0.9999845761141418,114.85603332519533
A - 1(fld 1 wv DAPI - DAPI),527,cluster2,0.999556280927704,117.05419158935548
A - 1(fld 1 wv DAPI - DAPI),528,cluster1,1.000852435447762e-05,179.27342224121094
A - 1(fld 1 wv DAPI - DAPI),529,cluster2,0.9996419782881036,118.9354019165039
A - 1(fld 1 wv DAPI - DAPI),530,cluster1,1.316006611610553e-06,173.85134887695312
A - 1(fld 1 wv DAPI - DAPI),531,cluster1,0.0266323958986336,155.51361083984375
A - 1(fld 1 wv DAPI - DAPI),532,cluster1,4.265311025885526e-05,183.6925201416016
A - 1(fld 1 wv DAPI - DAPI),533,cluster1,2.018776409960898e-05,173.7972412109375
A - 1(fld 1 wv DAPI - DAPI),534,cluster1,0.0004971562148432,155.2611846923828
A - 1(fld 1 wv DAPI - DAPI),535,cluster1,0.0079627427792814,170.73892211914062
A - 1(fld 1 wv DAPI - DAPI),536,cluster1,0.0180288872554238,157.3073272705078
A - 1(fld 1 wv DAPI - DAPI),537,cluster1,6.490269513693881e-05,148.7944793701172
A - 1(fld 1 wv DAPI - DAPI),538,cluster1,0.0040246550127715,170.69252014160156
A - 1(fld 1 wv DAPI - DAPI),539,cluster2,0.9999976369220752,122.88555145263672
A - 1(fld 1 wv DAPI - DAPI),540,cluster2,0.9943597823377298,112.91063690185548
A - 1(fld 1 wv DAPI - DAPI),541,cluster2,0.9991612669572392,123.43374633789062
A - 1(fld 1 wv DAPI - DAPI),542,cluster1,0.0001740052007941,166.11752319335938
A - 1(fld 1 wv DAPI - DAPI),543,cluster1,0.0003334420724535,173.9283447265625
A - 1(fld 1 wv DAPI - DAPI),544,cluster1,2.7976293610039823e-05,168.56356811523438
A - 1(fld 1 wv DAPI - DAPI),545,cluster1,0.0087114884570643,170.96725463867188
A - 1(fld 1 wv DAPI - DAPI),546,cluster2,0.9999764150526074,114.91300964355467
A - 1(fld 1 wv DAPI - DAPI),547,cluster1,0.0008056685365662,142.50802612304688
A - 1(fld 1 wv DAPI - DAPI),548,cluster2,0.9974617223475356,129.93373107910156
A - 1(fld 1 wv DAPI - DAPI),549,cluster2,0.9985080567272642,135.4344482421875
A - 1(fld 1 wv DAPI - DAPI),551,cluster2,0.9995027758519583,119.85889434814452
A - 1(fld 1 wv DAPI - DAPI),552,cluster2,0.9990932608704722,119.04393005371094
A - 1(fld 1 wv DAPI - DAPI),553,cluster1,9.274270249886404e-05,178.4876708984375
A - 1(fld 1 wv DAPI - DAPI),554,cluster1,5.185722652258154e-07,199.64962768554688
A - 1(fld 1 wv DAPI - DAPI),555,cluster1,7.509314660687648e-05,181.0672607421875
A - 1(fld 1 wv DAPI - DAPI),556,cluster1,0.035771728290247,158.3175506591797
A - 1(fld 1 wv DAPI - DAPI),557,cluster1,0.000390223149329,174.5833282470703
A - 1(fld 1 wv DAPI - DAPI),558,cluster2,0.9900907908199168,127.85586547851562
A - 1(fld 1 wv DAPI - DAPI),559,cluster1,0.0059214050190566,166.84478759765625
A - 1(fld 1 wv DAPI - DAPI),560,cluster1,4.322966199817091e-05,171.73146057128906
A - 1(fld 1 wv DAPI - DAPI),561,cluster2,0.999964069713872,122.56627655029295
A - 1(fld 1 wv DAPI - DAPI),562,cluster1,0.0002282982723019,176.9301300048828
A - 1(fld 1 wv DAPI - DAPI),563,cluster1,0.0180223304132429,185.26971435546875
A - 1(fld 1 wv DAPI - DAPI),564,cluster1,0.1250086540684948,146.11248779296875
A - 1(fld 1 wv DAPI - DAPI),565,cluster2,0.9911487370626744,122.16858673095705
A - 1(fld 1 wv DAPI - DAPI),566,cluster1,0.0714117600015782,155.51478576660156
A - 1(fld 1 wv DAPI - DAPI),567,cluster1,1.6610147578893585e-06,166.51210021972656
A - 1(fld 1 wv DAPI - DAPI),568,cluster1,0.0041606420743718,143.142578125
A - 1(fld 1 wv DAPI - DAPI),569,cluster2,0.9999198532812504,119.2652587890625
A - 1(fld 1 wv DAPI - DAPI),570,cluster2,0.9903469482840564,138.05886840820312
A - 1(fld 1 wv DAPI - DAPI),571,cluster2,0.9999834847521598,119.16073608398438
A - 1(fld 1 wv DAPI - DAPI),572,cluster1,0.021586160075461,170.34315490722656
A - 1(fld 1 wv DAPI - DAPI),573,cluster2,0.9982719716635436,117.45352935791016
A - 1(fld 1 wv DAPI - DAPI),574,cluster1,2.3567809215243096e-05,192.46585083007807
A - 1(fld 1 wv DAPI - DAPI),575,cluster1,0.0004824558171984,166.7937469482422
A - 1(fld 1 wv DAPI - DAPI),576,cluster1,0.0220843606186799,166.84214782714844
A - 1(fld 1 wv DAPI - DAPI),577,cluster1,0.0001488143342547,196.5843505859375
A - 1(fld 1 wv DAPI - DAPI),579,cluster1,0.0015182048318716,181.3777313232422
A - 1(fld 1 wv DAPI - DAPI),580,cluster2,0.9999815089625116,111.66129302978516
A - 1(fld 1 wv DAPI - DAPI),581,cluster2,0.99710675389019,118.50196838378906
A - 1(fld 1 wv DAPI - DAPI),582,cluster2,0.9998319265443162,126.05299377441406
A - 1(fld 1 wv DAPI - DAPI),583,cluster1,0.0026237108765125,174.6516571044922
A - 1(fld 1 wv DAPI - DAPI),584,cluster1,2.0898435121314133e-07,187.8698272705078
A - 1(fld 1 wv DAPI - DAPI),585,cluster2,0.990004483003667,132.2464599609375
A - 1(fld 1 wv DAPI - DAPI),586,cluster2,0.9999799808097376,113.9562759399414
A - 1(fld 1 wv DAPI - DAPI),587,cluster1,0.0044355760162368,177.8743896484375
A - 1(fld 1 wv DAPI - DAPI),588,cluster2,0.999798971815195,126.4858627319336
A - 1(fld 1 wv DAPI - DAPI),589,cluster1,2.7422744037424112e-06,181.6306304931641
A - 1(fld 1 wv DAPI - DAPI),590,cluster1,0.0001465959783639,161.77682495117188
A - 1(fld 1 wv DAPI - DAPI),591,cluster1,0.000155393341204,149.65602111816406
A - 1(fld 1 wv DAPI - DAPI),592,cluster1,0.033966909246355,157.2161865234375
A - 1(fld 1 wv DAPI - DAPI),593,cluster2,0.979468583391669,112.47402954101562
A - 1(fld 1 wv DAPI - DAPI),594,cluster1,2.766593891434293e-05,178.58917236328125
A - 1(fld 1 wv DAPI - DAPI),595,cluster1,0.000206657786913,176.58035278320312
A - 1(fld 1 wv DAPI - DAPI),596,cluster1,0.0004245786333952,171.9446563720703
A - 1(fld 1 wv DAPI - DAPI),597,cluster1,0.0001176992597152,164.92648315429688
A - 1(fld 1 wv DAPI - DAPI),599,cluster2,0.8446547557650671,158.7728729248047
A - 1(fld 1 wv DAPI - DAPI),600,cluster1,1.6904034604210403e-05,164.0417938232422
A - 1(fld 1 wv DAPI - DAPI),601,uncertain,0.6127736688851798,173.21571350097656
A - 1(fld 1 wv DAPI - DAPI),602,cluster1,1.803441329009701e-05,177.2841339111328
A - 1(fld 1 wv DAPI - DAPI),603,cluster1,0.0209479029182958,171.7980499267578
A - 1(fld 1 wv DAPI - DAPI),604,cluster2,0.9999568573666386,117.97616577148438
A - 1(fld 1 wv DAPI - DAPI),605,cluster1,0.0784679307941395,158.9403839111328
A - 1(fld 1 wv DAPI - DAPI),606,cluster1,0.0005294315838868,179.6914520263672
A - 1(fld 1 wv DAPI - DAPI),607,cluster1,7.427559955778134e-08,168.8173065185547
A - 1(fld 1 wv DAPI - DAPI),609,cluster1,0.0014189609928425,165.42982482910156
A - 1(fld 1 wv DAPI - DAPI),610,cluster2,0.9997673872503297,117.64982604980467
A - 1(fld 1 wv DAPI - DAPI),611,cluster2,0.9985888419376276,124.64348602294922
A - 1(fld 1 wv DAPI - DAPI),612,uncertain,0.5397306046448809,116.11041259765624
A - 1(fld 1 wv DAPI - DAPI),613,cluster1,4.035528974961374e-05,171.14208984375
A - 1(fld 1 wv DAPI - DAPI),614,cluster1,0.0266339876520229,166.82369995117188
A - 1(fld 1 wv DAPI - DAPI),615,cluster2,0.999999886121912,116.33360290527344
A - 1(fld 1 wv DAPI - DAPI),616,cluster2,0.9093687258021594,130.8919677734375
A - 1(fld 1 wv DAPI - DAPI),617,cluster2,0.992303138173973,129.43377685546875
A - 1(fld 1 wv DAPI - DAPI),618,cluster1,0.001218120538242,172.3252410888672
A - 1(fld 1 wv DAPI - DAPI),619,cluster1,0.133736856885859,168.5676727294922
A - 1(fld 1 wv DAPI - DAPI),620,cluster1,2.305409343951804e-06,160.1483917236328
A - 1(fld 1 wv DAPI - DAPI),621,cluster2,0.999739196633558,128.8382110595703
A - 1(fld 1 wv DAPI - DAPI),622,cluster2,0.9999987566523,114.77440643310548
A - 1(fld 1 wv DAPI - DAPI),623,cluster1,0.0018523180547133,182.59878540039065
A - 1(fld 1 wv DAPI - DAPI),624,cluster2,0.9887610822387288,128.44131469726562
A - 1(fld 1 wv DAPI - DAPI),625,cluster1,8.594403173003898e-07,183.360595703125
A - 1(fld 1 wv DAPI - DAPI),626,cluster1,0.0053188128159683,178.32826232910156
A - 1(fld 1 wv DAPI - DAPI),627,cluster1,0.0013791516572867,172.77484130859375
A - 1(fld 1 wv DAPI - DAPI),628,cluster2,0.9892130834104308,117.5717315673828
A - 1(fld 1 wv DAPI - DAPI),629,cluster2,0.9993586988431724,125.55940246582033
A - 1(fld 1 wv DAPI - DAPI),630,cluster2,0.9498124853485485,112.43854522705078
A - 1(fld 1 wv DAPI - DAPI),631,cluster1,2.538483245180468e-05,193.9259185791016
A - 1(fld 1 wv DAPI - DAPI),632,cluster1,0.0001657681442066,186.41954040527344
A - 1(fld 1 wv DAPI - DAPI),633,cluster1,0.0029634712407294,176.1593475341797
A - 1(fld 1 wv DAPI - DAPI),634,cluster1,0.0040722880648834,178.8104248046875
A - 1(fld 1 wv DAPI - DAPI),635,cluster1,0.0003456604703319,188.1869354248047
A - 1(fld 1 wv DAPI - DAPI),636,cluster2,0.996895075840103,112.78189086914062
A - 1(fld 1 wv DAPI - DAPI),637,cluster2,0.9950202280198884,113.6976089477539
A - 1(fld 1 wv DAPI - DAPI),638,cluster1,0.009958632453809,188.282943725586
A - 1(fld 1 wv DAPI - DAPI),639,cluster1,4.62509674631888e-05,188.47708129882807
A - 1(fld 1 wv DAPI - DAPI),640,cluster1,7.981568700333518e-05,173.7995147705078
A - 1(fld 1 wv DAPI - DAPI),641,cluster2,0.938638209298013,112.35736846923828
A - 1(fld 1 wv DAPI - DAPI),642,cluster2,0.9987549139281834,146.03114318847656
A - 1(fld 1 wv DAPI - DAPI),643,cluster2,0.9633005504985322,152.60317993164062
A - 1(fld 1 wv DAPI - DAPI),644,cluster1,0.0014441116192933,193.4031524658203
A - 1(fld 1 wv DAPI - DAPI),645,cluster1,0.0083556213028926,183.4783935546875
A - 1(fld 1 wv DAPI - DAPI),646,cluster1,7.903295202385813e-05,190.63218688964844
A - 1(fld 1 wv DAPI - DAPI),647,cluster1,0.0012791644197412,138.15151977539062
A - 1(fld 1 wv DAPI - DAPI),648,cluster2,0.9365788266446315,133.0072021484375
A - 1(fld 1 wv DAPI - DAPI),649,cluster1,0.0175900547135689,182.4041290283203
A - 1(fld 1 wv DAPI - DAPI),650,cluster1,0.0968787142977423,165.20596313476562
A - 1(fld 1 wv DAPI - DAPI),651,cluster2,0.9999727569541113,132.96571350097656
A - 1(fld 1 wv DAPI - DAPI),652,cluster1,0.0002866384928197,184.75094604492188
A - 1(fld 1 wv DAPI - DAPI),653,cluster1,0.0033396838057008,181.82456970214844
A - 1(fld 1 wv DAPI - DAPI),654,cluster2,0.8545904336942242,112.26426696777344
A - 1(fld 1 wv DAPI - DAPI),655,cluster1,0.0001269536493632,188.8362579345703
A - 1(fld 1 wv DAPI - DAPI),656,cluster2,0.999971247095334,116.9727554321289
A - 1(fld 1 wv DAPI - DAPI),657,cluster1,0.0001716382657056,172.5478515625
A - 1(fld 1 wv DAPI - DAPI),658,cluster1,6.533830341300157e-06,173.8642578125
A - 1(fld 1 wv DAPI - DAPI),659,uncertain,0.6872347470808515,131.76727294921875
A - 1(fld 1 wv DAPI - DAPI),660,cluster2,0.9990432946264084,120.41323852539062
A - 1(fld 1 wv DAPI - DAPI),661,cluster1,2.2778114441696667e-05,185.213119506836
A - 1(fld 1 wv DAPI - DAPI),662,cluster1,0.0004220202864898,171.73550415039062
A - 1(fld 1 wv DAPI - DAPI),663,cluster1,0.0051054741665827,166.95330810546875
A - 1(fld 1 wv DAPI - DAPI),664,cluster2,0.9973395949556378,128.48745727539062
A - 1(fld 1 wv DAPI - DAPI),665,cluster1,0.1196361453783424,158.49354553222656
A - 1(fld 1 wv DAPI - DAPI),666,cluster1,0.0002896035080228,174.6299285888672
A - 1(fld 1 wv DAPI - DAPI),667,cluster1,0.0018224552524893,174.27777099609375
A - 1(fld 1 wv DAPI - DAPI),668,cluster1,0.0003933604017495,200.62648010253903
A - 1(fld 1 wv DAPI - DAPI),669,cluster2,0.9998164826904298,138.14492797851562
A - 1(fld 1 wv DAPI - DAPI),670,cluster1,0.0001030584614141,191.70343017578125
A - 1(fld 1 wv DAPI - DAPI),671,cluster2,0.9904276211940928,132.40652465820312
A - 1(fld 1 wv DAPI - DAPI),672,cluster2,0.9999532174025516,116.90060424804688
A - 1(fld 1 wv DAPI - DAPI),673,cluster2,0.99994325811782,114.82691955566406
A - 1(fld 1 wv DAPI - DAPI),675,cluster2,0.9354957067930548,122.65680694580078
A - 1(fld 1 wv DAPI - DAPI),676,cluster1,0.0100299427382193,193.59848022460932
A - 1(fld 1 wv DAPI - DAPI),677,uncertain,0.5369822662292181,126.29312896728516
A - 1(fld 1 wv DAPI - DAPI),678,cluster1,0.0002911457932459,170.15782165527344
A - 1(fld 1 wv DAPI - DAPI),679,cluster1,0.0009625890419809,177.15042114257812
A - 1(fld 1 wv DAPI - DAPI),680,cluster2,0.9986871417372716,114.42335510253906
A - 1(fld 1 wv DAPI - DAPI),681,cluster1,0.0004832896753254,201.08224487304688
A - 1(fld 1 wv DAPI - DAPI),682,cluster2,0.8118648105588631,119.64405059814452
A - 1(fld 1 wv DAPI - DAPI),683,cluster1,1.7838902494275605e-05,151.01077270507812
A - 1(fld 1 wv DAPI - DAPI),684,cluster2,0.9933499370553044,118.3757553100586
A - 1(fld 1 wv DAPI - DAPI),685,cluster1,7.78551079720449e-05,166.1167449951172
A - 1(fld 1 wv DAPI - DAPI),686,cluster2,0.9758915704653244,144.2957000732422
A - 1(fld 1 wv DAPI - DAPI),687,cluster1,0.007315340096907,181.14730834960932
A - 1(fld 1 wv DAPI - DAPI),688,cluster1,0.0178895194655931,172.38597106933594
A - 1(fld 1 wv DAPI - DAPI),689,uncertain,0.5160804735924176,116.70940399169922
A - 1(fld 1 wv DAPI - DAPI),690,cluster2,0.9959739855004074,108.876708984375
A - 1(fld 1 wv DAPI - DAPI),691,cluster1,8.487426126928791e-08,160.73406982421875
A - 1(fld 1 wv DAPI - DAPI),692,cluster1,0.0138595474392021,149.68211364746094
A - 1(fld 1 wv DAPI - DAPI),693,cluster1,0.2324524077488249,155.04566955566406
A - 1(fld 1 wv DAPI - DAPI),694,cluster1,8.395881226474798e-07,178.49742126464844
A - 1(fld 1 wv DAPI - DAPI),695,cluster1,1.4597191147930391e-06,157.8839569091797
A - 1(fld 1 wv DAPI - DAPI),696,cluster2,0.9907391309586494,115.40352630615234
A - 1(fld 1 wv DAPI - DAPI),697,cluster1,0.0043150207668879,171.87994384765625
A - 1(fld 1 wv DAPI - DAPI),698,cluster1,0.0001032304764382,190.7548675537109
A - 1(fld 1 wv DAPI - DAPI),699,cluster2,0.9998848775709784,136.61593627929688
A - 1(fld 1 wv DAPI - DAPI),700,cluster1,0.0095730209730514,185.7554168701172
A - 1(fld 1 wv DAPI - DAPI),701,cluster2,0.9999982439715812,113.72410583496094
A - 1(fld 1 wv DAPI - DAPI),702,cluster2,0.9957309390593092,128.36859130859375
A - 1(fld 1 wv DAPI - DAPI),703,cluster1,0.000420875782938,170.74099731445312
A - 1(fld 1 wv DAPI - DAPI),704,cluster1,0.0039401273992839,185.57083129882807
A - 1(fld 1 wv DAPI - DAPI),705,cluster1,0.0027276292675331,135.48484802246094
A - 1(fld 1 wv DAPI - DAPI),706,cluster2,0.8007218739685412,122.6424789428711
A - 1(fld 1 wv DAPI - DAPI),707,cluster2,0.9897746909947612,119.61013793945312
A - 1(fld 1 wv DAPI - DAPI),708,cluster2,0.9995996965406362,128.6912384033203
A - 1(fld 1 wv DAPI - DAPI),709,cluster1,1.0939403370239432e-06,176.37625122070312
A - 1(fld 1 wv DAPI - DAPI),710,cluster1,7.370702673871399e-08,196.43472290039065
A - 1(fld 1 wv DAPI - DAPI),711,cluster1,0.0003528952827734,196.11764526367188
A - 1(fld 1 wv DAPI - DAPI),712,cluster2,0.999910591985827,115.82566833496094
A - 1(fld 1 wv DAPI - DAPI),713,cluster1,0.0042194445404924,164.06199645996094
A - 1(fld 1 wv DAPI - DAPI),714,cluster1,0.0007910909811406,188.57994079589844
A - 1(fld 1 wv DAPI - DAPI),715,cluster1,0.0061954480939275,181.8243103027344
A - 1(fld 1 wv DAPI - DAPI),716,uncertain,0.4151224938563095,173.65061950683594
A - 1(fld 1 wv DAPI - DAPI),717,cluster2,0.9999367920502368,124.77392578125
A - 1(fld 1 wv DAPI - DAPI),718,cluster1,1.6018707712939716e-05,164.17115783691406
A - 1(fld 1 wv DAPI - DAPI),719,cluster1,0.0002846973688158,179.39413452148438
A - 1(fld 1 wv DAPI - DAPI),720,cluster1,0.0148693986215835,157.39718627929688
A - 1(fld 1 wv DAPI - DAPI),721,uncertain,0.3659693274470839,165.29624938964844
A - 1(fld 1 wv DAPI - DAPI),722,cluster1,1.9117579232621245e-05,210.18429565429688
A - 1(fld 1 wv DAPI - DAPI),723,cluster2,0.9547276363845194,141.802978515625
A - 1(fld 1 wv DAPI - DAPI),724,cluster1,0.0016567493870461,192.7120056152344
A - 1(fld 1 wv DAPI - DAPI),725,cluster2,0.990808773753209,126.29940795898438
A - 1(fld 1 wv DAPI - DAPI),726,cluster2,0.9918475251454656,142.42208862304688
A - 1(fld 1 wv DAPI - DAPI),727,uncertain,0.6443375336217663,120.10320281982422
A - 1(fld 1 wv DAPI - DAPI),728,cluster1,0.0067600157490009,189.4066162109375
A - 1(fld 1 wv DAPI - DAPI),729,cluster2,0.996387319589926,109.35064697265624
A - 1(fld 1 wv DAPI - DAPI),730,cluster1,0.001276066002286,187.17706298828125
A - 1(fld 1 wv DAPI - DAPI),731,uncertain,0.3743249280539764,132.067626953125
A - 1(fld 1 wv DAPI - DAPI),732,cluster1,4.223211617131234e-07,163.24539184570312
A - 1(fld 1 wv DAPI - DAPI),733,cluster1,9.144064581972626e-05,180.01524353027344
A - 1(fld 1 wv DAPI - DAPI),734,cluster1,0.0016317811266305,162.78932189941406
A - 1(fld 1 wv DAPI - DAPI),735,cluster2,0.9956465120339112,116.0368194580078
A - 1(fld 1 wv DAPI - DAPI),736,cluster1,0.0003367398593481,199.3407745361328
A - 1(fld 1 wv DAPI - DAPI),737,cluster2,0.9999721606286952,122.6789779663086
A - 1(fld 1 wv DAPI - DAPI),738,cluster2,0.975724533661184,123.1235122680664
A - 1(fld 1 wv DAPI - DAPI),739,cluster1,0.003204472648849,170.03269958496094
A - 1(fld 1 wv DAPI - DAPI),740,cluster1,0.0014074351604246,162.09063720703125
A - 1(fld 1 wv DAPI - DAPI),741,cluster1,3.04911933734224e-05,208.2050018310547
A - 1(fld 1 wv DAPI - DAPI),742,cluster1,0.0004399322018355,170.4990997314453
A - 1(fld 1 wv DAPI - DAPI),743,cluster2,0.9994986355514746,125.54495239257812
A - 1(fld 1 wv DAPI - DAPI),744,cluster1,6.288559294379786e-07,194.0658264160156
A - 1(fld 1 wv DAPI - DAPI),745,cluster1,0.0759403930755207,202.622802734375
A - 1(fld 1 wv DAPI - DAPI),746,cluster1,5.8304472112265104e-05,166.3806610107422
A - 1(fld 1 wv DAPI - DAPI),747,cluster1,0.0095941471666851,187.15220642089844
A - 1(fld 1 wv DAPI - DAPI),748,cluster1,0.0024230729359985,123.60975646972656
A - 1(fld 1 wv DAPI - DAPI),749,cluster1,0.0003017652844569,184.7313842773437
A - 1(fld 1 wv DAPI - DAPI),750,cluster2,0.9999620406579388,117.66210174560548
A - 1(fld 1 wv DAPI - DAPI),751,uncertain,0.6386463528689548,141.46864318847656
A - 1(fld 1 wv DAPI - DAPI),752,cluster2,0.9070365977205704,129.00772094726562
A - 1(fld 1 wv DAPI - DAPI),753,cluster2,0.9997843968531596,134.77577209472656
A - 1(fld 1 wv DAPI - DAPI),754,cluster1,0.0012461364767744,189.6575469970703
A - 1(fld 1 wv DAPI - DAPI),755,cluster1,0.0007500529524087,186.54444885253903
A - 1(fld 1 wv DAPI - DAPI),756,cluster1,0.0254136333352732,184.6029663085937
A - 1(fld 1 wv DAPI - DAPI),757,cluster1,0.0013157541643024,160.18017578125
A - 1(fld 1 wv DAPI - DAPI),758,cluster1,0.0009674984167383,153.23654174804688
A - 1(fld 1 wv DAPI - DAPI),759,cluster2,0.9553420002694324,142.96595764160156
A - 1(fld 1 wv DAPI - DAPI),760,cluster1,0.0002613922795389,193.58457946777344
A - 1(fld 1 wv DAPI - DAPI),761,cluster1,0.0009159019640082,179.63442993164062
A - 1(fld 1 wv DAPI - DAPI),762,cluster1,0.0252018400211775,148.7961883544922
A - 1(fld 1 wv DAPI - DAPI),763,cluster2,0.9636278132761495,124.45166778564452
A - 1(fld 1 wv DAPI - DAPI),764,cluster2,0.9948960433103768,129.86708068847656
A - 1(fld 1 wv DAPI - DAPI),765,cluster2,0.999982732555101,114.00636291503906
A - 1(fld 1 wv DAPI - DAPI),766,cluster2,0.9944881529074328,111.86580657958984
A - 1(fld 1 wv DAPI - DAPI),767,cluster2,0.9989204029408566,118.9679946899414
A - 1(fld 1 wv DAPI - DAPI),768,cluster2,0.9421564333245545,152.98223876953125
A - 1(fld 1 wv DAPI - DAPI),769,cluster2,0.9999989521829084,115.9385223388672
A - 1(fld 1 wv DAPI - DAPI),770,cluster1,4.196434936890303e-05,191.87844848632807
A - 1(fld 1 wv DAPI - DAPI),771,cluster1,0.0048700272792967,181.6444854736328
A - 1(fld 1 wv DAPI - DAPI),772,cluster1,5.823758907330722e-05,168.58908081054688
A - 1(fld 1 wv DAPI - DAPI),773,cluster1,0.1803756566030581,185.50686645507807
A - 1(fld 1 wv DAPI - DAPI),774,cluster2,0.9383876280294924,119.66151428222656
A - 1(fld 1 wv DAPI - DAPI),775,cluster1,0.0079990521045862,124.8865966796875
A - 1(fld 1 wv DAPI - DAPI),777,cluster1,0.0016716408749985,181.03744506835932
A - 1(fld 1 wv DAPI - DAPI),778,cluster2,0.9999722565945564,118.55213165283205
A - 1(fld 1 wv DAPI - DAPI),779,cluster1,0.0011328277017738,184.8687438964844
A - 1(fld 1 wv DAPI - DAPI),780,cluster2,0.9840815698896528,128.592041015625
A - 1(fld 1 wv DAPI - DAPI),781,cluster1,6.512784005287298e-07,182.06236267089844
A - 1(fld 1 wv DAPI - DAPI),782,cluster1,7.203982982762598e-07,182.7493133544922
A - 1(fld 1 wv DAPI - DAPI),783,uncertain,0.4379266157753747,131.9287872314453
A - 1(fld 1 wv DAPI - DAPI),784,cluster1,0.0122960276244464,174.4713592529297
A - 1(fld 1 wv DAPI - DAPI),785,cluster2,0.9998891526170628,134.09776306152344
A - 1(fld 1 wv DAPI - DAPI),786,cluster1,0.0055721206722366,172.77810668945312
A - 1(fld 1 wv DAPI - DAPI),787,cluster1,0.0879388520103958,152.63035583496094
A - 1(fld 1 wv DAPI - DAPI),788,cluster1,3.91155067416095e-06,186.1634826660156
A - 1(fld 1 wv DAPI - DAPI),789,cluster1,2.933299288221405e-05,159.1892852783203
A - 1(fld 1 wv DAPI - DAPI),790,cluster2,0.8519716366140933,127.87207794189452
A - 1(fld 1 wv DAPI - DAPI),791,cluster1,0.0017561817183846,195.36558532714844
A - 1(fld 1 wv DAPI - DAPI),792,cluster1,0.0001883108356034,165.705810546875
A - 1(fld 1 wv DAPI - DAPI),793,cluster1,0.0005403091789571,206.8768768310547
A - 1(fld 1 wv DAPI - DAPI),794,cluster2,0.9995279857997612,130.9722442626953
A - 1(fld 1 wv DAPI - DAPI),795,cluster1,4.456643750663379e-05,168.46949768066406
A - 1(fld 1 wv DAPI - DAPI),796,cluster1,0.0014138011992146,187.8832855224609
A - 1(fld 1 wv DAPI - DAPI),797,cluster1,0.0049368451940883,191.257568359375
A - 1(fld 1 wv DAPI - DAPI),799,cluster1,0.0044589951990167,176.77392578125
A - 1(fld 1 wv DAPI - DAPI),800,cluster2,0.9999416636246766,119.09485626220705
A - 1(fld 1 wv DAPI - DAPI),801,cluster1,0.003741342796592,177.0538330078125
A - 1(fld 1 wv DAPI - DAPI),802,cluster2,0.9538937885412636,128.59518432617188
A - 1(fld 1 wv DAPI - DAPI),803,cluster1,5.496451589768699e-06,178.4353485107422
A - 1(fld 1 wv DAPI - DAPI),804,cluster1,5.6515972511652335e-05,160.11752319335938
A - 1(fld 1 wv DAPI - DAPI),805,cluster1,0.0091934021976958,189.2206115722656
A - 1(fld 1 wv DAPI - DAPI),806,cluster2,0.994972660961489,123.64305114746094
A - 1(fld 1 wv DAPI - DAPI),807,cluster1,0.0154872259089957,188.4345703125
A - 1(fld 1 wv DAPI - DAPI),808,uncertain,0.6962145090311912,152.7563934326172
A - 1(fld 1 wv DAPI - DAPI),809,cluster1,0.000600121265389,188.1776733398437
A - 1(fld 1 wv DAPI - DAPI),810,cluster1,2.835128951846302e-06,199.01559448242188
A - 1(fld 1 wv DAPI - DAPI),811,cluster2,0.931352719380889,142.7565155029297
A - 1(fld 1 wv DAPI - DAPI),812,uncertain,0.4719426366232243,166.10638427734375
A - 1(fld 1 wv DAPI - DAPI),813,cluster1,0.0064776889572941,175.90286254882812
A - 1(fld 1 wv DAPI - DAPI),814,uncertain,0.7985399057889835,119.70149230957033
A - 1(fld 1 wv DAPI - DAPI),815,cluster2,0.9999929504164412,114.0979461669922
A - 1(fld 1 wv DAPI - DAPI),816,cluster1,0.0099717117078787,181.365463256836
A - 1(fld 1 wv DAPI - DAPI),817,cluster1,0.0339580683831437,186.905014038086
A - 1(fld 1 wv DAPI - DAPI),818,cluster2,0.99876672835002,114.8000030517578
A - 1(fld 1 wv DAPI - DAPI),819,cluster1,0.0003220575358889,191.96414184570312
A - 1(fld 1 wv DAPI - DAPI),820,cluster1,0.0025064316265739,155.2979736328125
A - 1(fld 1 wv DAPI - DAPI),821,uncertain,0.7544185533897237,163.18002319335938
A - 1(fld 1 wv DAPI - DAPI),822,cluster1,0.0007650259916363,169.0127716064453
A - 1(fld 1 wv DAPI - DAPI),823,cluster2,0.9997106070233212,128.93890380859375
A - 1(fld 1 wv DAPI - DAPI),824,cluster1,0.000150956340107,177.64984130859375
A - 1(fld 1 wv DAPI - DAPI),825,cluster2,0.9998642783364288,123.42308044433594
A - 1(fld 1 wv DAPI - DAPI),826,cluster1,0.0035095366437848,156.07049560546875
A - 1(fld 1 wv DAPI - DAPI),827,cluster1,3.097595121076985e-07,219.1973419189453
A - 1(fld 1 wv DAPI - DAPI),828,cluster2,0.9996969657411506,132.12451171875
A - 1(fld 1 wv DAPI - DAPI),829,cluster1,0.1635565835900393,170.1562957763672
A - 1(fld 1 wv DAPI - DAPI),830,cluster2,0.9999448800960766,125.67365264892578
A - 1(fld 1 wv DAPI - DAPI),831,uncertain,0.5111428859590457,147.81602478027344
A - 1(fld 1 wv DAPI - DAPI),832,cluster1,0.0048652785379319,207.76528930664065
A - 1(fld 1 wv DAPI - DAPI),833,cluster1,0.0058469106440501,192.2265625
A - 1(fld 1 wv DAPI - DAPI),835,cluster1,0.0573248064141164,187.6596069335937
A - 1(fld 1 wv DAPI - DAPI),836,cluster1,0.2947361298433786,126.61620330810548
A - 1(fld 1 wv DAPI - DAPI),837,cluster1,4.895098846586167e-06,200.995361328125
A - 1(fld 1 wv DAPI - DAPI),838,cluster2,0.9999763404123349,126.04630279541016
A - 1(fld 1 wv DAPI - DAPI),839,cluster1,0.1769956968979104,154.49110412597656
A - 1(fld 1 wv DAPI - DAPI),840,cluster1,0.0001177196291893,182.2445373535156
A - 1(fld 1 wv DAPI - DAPI),841,cluster1,3.848771082608348e-05,203.7005615234375
A - 1(fld 1 wv DAPI - DAPI),842,uncertain,0.4930250091490213,134.52877807617188
A - 1(fld 1 wv DAPI - DAPI),843,cluster1,2.340460981548449e-05,208.59893798828125
A - 1(fld 1 wv DAPI - DAPI),844,cluster1,0.0002651438158336,165.23158264160156
A - 1(fld 1 wv DAPI - DAPI),845,cluster2,0.9996579845909602,107.97142791748048
A - 1(fld 1 wv DAPI - DAPI),846,cluster1,0.0667475174035215,203.78839111328125
A - 1(fld 1 wv DAPI - DAPI),847,cluster2,0.9997932644216512,125.98220825195312
A - 1(fld 1 wv DAPI - DAPI),848,cluster1,6.4144853061428005e-06,188.20249938964844
A - 1(fld 1 wv DAPI - DAPI),849,cluster1,0.0005003676021734,190.6595764160156
A - 1(fld 1 wv DAPI - DAPI),850,cluster1,0.0433569509862606,176.19015502929688
A - 1(fld 1 wv DAPI - DAPI),851,cluster1,4.3231854158171486e-05,193.574462890625
A - 1(fld 1 wv DAPI - DAPI),852,cluster1,0.001305153183776,169.31080627441406
A - 1(fld 1 wv DAPI - DAPI),853,cluster1,2.445124892022864e-05,198.1986541748047
A - 1(fld 1 wv DAPI - DAPI),854,cluster2,0.9998693435493712,112.90436553955078
A - 1(fld 1 wv DAPI - DAPI),855,cluster2,0.9989252768449934,137.38455200195312
A - 1(fld 1 wv DAPI - DAPI),856,cluster1,0.02192239576645,183.94284057617188
A - 1(fld 1 wv DAPI - DAPI),857,cluster1,0.0001264619213453,186.652572631836
A - 1(fld 1 wv DAPI - DAPI),858,cluster1,0.0001157914132723,195.88327026367188
A - 1(fld 1 wv DAPI - DAPI),859,cluster1,0.000407383349407,170.12208557128906
A - 1(fld 1 wv DAPI - DAPI),860,cluster1,0.0679131430727836,186.69952392578125
A - 1(fld 1 wv DAPI - DAPI),861,cluster1,0.0304818297955861,198.34011840820312
A - 1(fld 1 wv DAPI - DAPI),862,cluster2,0.8317539366140082,120.0846176147461
A - 1(fld 1 wv DAPI - DAPI),863,cluster1,0.0044538273349928,206.03353881835932
A - 1(fld 1 wv DAPI - DAPI),864,cluster1,0.0020290664769478,176.66757202148438
A - 1(fld 1 wv DAPI - DAPI),865,cluster1,0.0116844199603773,168.1178741455078
A - 1(fld 1 wv DAPI - DAPI),866,cluster2,0.9999760487449624,117.0207977294922
A - 1(fld 1 wv DAPI - DAPI),867,cluster2,0.9997791708708268,120.4375
A - 1(fld 1 wv DAPI - DAPI),868,uncertain,0.509932271716087,145.1259307861328
A - 1(fld 1 wv DAPI - DAPI),869,cluster1,0.0003927599487071,202.2583465576172
A - 1(fld 1 wv DAPI - DAPI),870,cluster1,3.354546025131125e-05,197.58465576171875
A - 1(fld 1 wv DAPI - DAPI),871,cluster2,0.9993503651022718,112.72594451904295
A - 1(fld 1 wv DAPI - DAPI),872,cluster2,0.99999830685101,115.58800506591795
A - 1(fld 1 wv DAPI - DAPI),873,cluster1,3.0760838888022765e-05,197.0660095214844
A - 1(fld 1 wv DAPI - DAPI),874,uncertain,0.7735203697063855,147.36695861816406
A - 1(fld 1 wv DAPI - DAPI),875,cluster2,0.8978760112943525,123.29915618896484
A - 1(fld 1 wv DAPI - DAPI),876,uncertain,0.7122491518510882,134.2906494140625
A - 1(fld 1 wv DAPI - DAPI),877,cluster1,0.0036255947024543,178.03201293945312
A - 1(fld 1 wv DAPI - DAPI),878,cluster1,6.08474819246729e-05,189.5625
A - 1(fld 1 wv DAPI - DAPI),879,uncertain,0.618209217451337,164.2627410888672
A - 1(fld 1 wv DAPI - DAPI),880,cluster1,0.0107651679408376,163.1617889404297
A - 1(fld 1 wv DAPI - DAPI),881,cluster1,3.1260505643864604e-05,198.007553100586
A - 1(fld 1 wv DAPI - DAPI),882,cluster1,0.0156608747993265,185.3884735107422
A - 1(fld 1 wv DAPI - DAPI),883,cluster2,0.9999813040401864,124.43199920654295
A - 1(fld 1 wv DAPI - DAPI),884,uncertain,0.3585014833907086,163.35633850097656
A - 1(fld 1 wv DAPI - DAPI),885,cluster2,0.9999230492236476,128.69081115722656
A - 1(fld 1 wv DAPI - DAPI),886,cluster1,1.997099416039053e-05,186.48995971679688
A - 1(fld 1 wv DAPI - DAPI),887,cluster2,0.99994733823076,129.64964294433594
A - 1(fld 1 wv DAPI - DAPI),888,cluster2,0.999149513753201,119.0635757446289
A - 1(fld 1 wv DAPI - DAPI),889,cluster2,0.99977202640129,132.98342895507812
A - 1(fld 1 wv DAPI - DAPI),890,cluster1,0.0018639221074572,180.400619506836
A - 1(fld 1 wv DAPI - DAPI),891,cluster1,0.2910672378863855,188.9209442138672
A - 1(fld 1 wv DAPI - DAPI),892,cluster1,0.0577582691936071,160.42433166503906
A - 1(fld 1 wv DAPI - DAPI),893,cluster1,8.80407781208591e-05,182.5933532714844
A - 1(fld 1 wv DAPI - DAPI),894,cluster2,0.9985676114598172,115.37883758544922
A - 1(fld 1 wv DAPI - DAPI),895,cluster1,0.0004839551462225,160.41969299316406
A - 1(fld 1 wv DAPI - DAPI),896,cluster1,4.099688720156076e-05,180.4411773681641
A - 1(fld 1 wv DAPI - DAPI),897,cluster1,0.0691525198365986,186.2753143310547
A - 1(fld 1 wv DAPI - DAPI),898,cluster1,0.0018312411742968,174.9915313720703
A - 1(fld 1 wv DAPI - DAPI),899,cluster1,0.0007412817438289,132.74192810058594
A - 1(fld 1 wv DAPI - DAPI),900,cluster2,0.9885017178168096,125.2581558227539
A - 1(fld 1 wv DAPI - DAPI),901,cluster1,0.001644510828664,199.7716064453125
A - 1(fld 1 wv DAPI - DAPI),902,cluster1,0.0001438644576874,177.21022033691406
A - 1(fld 1 wv DAPI - DAPI),903,cluster1,0.0031921683703673,182.22329711914065
A - 1(fld 1 wv DAPI - DAPI),904,cluster1,8.033828960142676e-05,172.30667114257812
A - 1(fld 1 wv DAPI - DAPI),905,cluster1,0.0069653937461319,212.00732421875
A - 1(fld 1 wv DAPI - DAPI),906,uncertain,0.508567780175655,181.60777282714844
A - 1(fld 1 wv DAPI - DAPI),907,cluster1,0.0001373995865585,181.3229522705078
A - 1(fld 1 wv DAPI - DAPI),908,cluster1,0.0001051921015649,187.6834716796875
A - 1(fld 1 wv DAPI - DAPI),909,cluster2,0.9999696590055424,136.3151092529297
A - 1(fld 1 wv DAPI - DAPI),910,cluster1,0.0017221557770058,210.4778594970703
A - 1(fld 1 wv DAPI - DAPI),911,uncertain,0.7705305388791003,121.00826263427734
A - 1(fld 1 wv DAPI - DAPI),912,cluster2,0.9976847175340916,129.591064453125
A - 1(fld 1 wv DAPI - DAPI),913,cluster2,0.9973438066916596,120.6106948852539
A - 1(fld 1 wv DAPI - DAPI),914,cluster2,0.9956274069685558,123.63082122802734
A - 1(fld 1 wv DAPI - DAPI),915,cluster1,0.3166381038801597,175.59747314453125
A - 1(fld 1 wv DAPI - DAPI),916,cluster2,0.9898176615810264,174.22052001953125
A - 1(fld 1 wv DAPI - DAPI),917,cluster2,0.9688526638150206,131.3029022216797
A - 1(fld 1 wv DAPI - DAPI),918,cluster2,0.9999707762982956,124.42182159423828
A - 1(fld 1 wv DAPI - DAPI),919,cluster2,0.9957848693640324,124.3366241455078
A - 1(fld 1 wv DAPI - DAPI),920,cluster2,0.9986355156939386,137.37474060058594
A - 1(fld 1 wv DAPI - DAPI),921,cluster1,0.121177538889877,145.63441467285156
A - 1(fld 1 wv DAPI - DAPI),922,cluster1,0.088905565084411,161.80328369140625
A - 1(fld 1 wv DAPI - DAPI),923,cluster1,3.781284618614849e-05,194.4014892578125
A - 1(fld 1 wv DAPI - DAPI),924,cluster1,0.0004974025756351,164.2753143310547
A - 1(fld 1 wv DAPI - DAPI),925,cluster1,0.0019250835998596,201.8980255126953
A - 1(fld 1 wv DAPI - DAPI),926,cluster1,0.0018764483042231,177.5973358154297
A - 1(fld 1 wv DAPI - DAPI),927,cluster1,0.0002100612583715,174.70327758789062
A - 1(fld 1 wv DAPI - DAPI),928,cluster2,0.9998509796689472,134.25181579589844
A - 1(fld 1 wv DAPI - DAPI),929,cluster1,4.342425831995209e-05,176.2462921142578
A - 1(fld 1 wv DAPI - DAPI),930,cluster1,1.7013223954164436e-05,188.77333068847656
A - 1(fld 1 wv DAPI - DAPI),931,uncertain,0.7737957737970428,124.20841979980467
A - 1(fld 1 wv DAPI - DAPI),932,cluster1,7.160901591054294e-07,177.6868438720703
A - 1(fld 1 wv DAPI - DAPI),933,cluster1,0.0002042636108944,212.30047607421875
A - 1(fld 1 wv DAPI - DAPI),934,cluster1,0.0529582466493289,179.2080841064453
A - 1(fld 1 wv DAPI - DAPI),935,cluster2,0.9999039722217072,133.1007843017578
A - 1(fld 1 wv DAPI - DAPI),936,cluster1,8.022517350713174e-05,200.8793334960937
A - 1(fld 1 wv DAPI - DAPI),937,cluster1,0.001314156710125,169.62722778320312
A - 1(fld 1 wv DAPI - DAPI),938,cluster2,0.9923550909483168,118.5753936767578
A - 1(fld 1 wv DAPI - DAPI),939,cluster1,9.04299914450869e-05,188.72833251953125
A - 1(fld 1 wv DAPI - DAPI),940,cluster1,2.3716755688970043e-05,188.6382598876953
A - 1(fld 1 wv DAPI - DAPI),941,cluster2,0.8950234442723645,127.13269805908205
A - 1(fld 1 wv DAPI - DAPI),942,cluster2,0.8559906126260385,157.8262176513672
A - 1(fld 1 wv DAPI - DAPI),943,cluster1,0.0557325425292356,151.26239013671875
A - 1(fld 1 wv DAPI - DAPI),944,cluster1,0.0261035481472665,189.57107543945312
A - 1(fld 1 wv DAPI - DAPI),945,cluster1,3.188511160312984e-05,180.13868713378906
A - 1(fld 1 wv DAPI - DAPI),946,cluster2,0.9496584781469124,130.72352600097656
A - 1(fld 1 wv DAPI - DAPI),947,cluster1,0.0313112486080878,192.1666717529297
A - 1(fld 1 wv DAPI - DAPI),948,cluster1,0.0045936633935974,189.8529815673828
A - 1(fld 1 wv DAPI - DAPI),949,cluster1,0.0002171044433939,188.3154144287109
A - 1(fld 1 wv DAPI - DAPI),950,cluster2,0.9958325959818956,128.17831420898438
A - 1(fld 1 wv DAPI - DAPI),951,cluster1,0.0001496406551499,199.62521362304688
A - 1(fld 1 wv DAPI - DAPI),952,cluster1,0.0007263114357527,186.1481475830078
A - 1(fld 1 wv DAPI - DAPI),953,cluster1,0.3072855750208967,173.98135375976562
A - 1(fld 1 wv DAPI - DAPI),954,cluster2,0.9122297542556084,119.31198120117188
A - 1(fld 1 wv DAPI - DAPI),955,cluster2,0.999714359635098,128.59727478027344
A - 1(fld 1 wv DAPI - DAPI),956,cluster2,0.9969052576946104,130.5762176513672
A - 1(fld 1 wv DAPI - DAPI),957,cluster2,0.9682298868872876,167.80038452148438
A - 1(fld 1 wv DAPI - DAPI),958,cluster1,2.6656234980423632e-05,177.18914794921875
A - 1(fld 1 wv DAPI - DAPI),959,cluster1,7.416135889522835e-05,160.66725158691406
A - 1(fld 1 wv DAPI - DAPI),960,cluster2,0.9999209145210268,130.56069946289062
A - 1(fld 1 wv DAPI - DAPI),961,cluster2,0.9436323892066508,129.35418701171875
A - 1(fld 1 wv DAPI - DAPI),962,cluster1,0.0002193553980034,172.93312072753906
A - 1(fld 1 wv DAPI - DAPI),963,cluster2,0.99125094040028,131.72314453125
A - 1(fld 1 wv DAPI - DAPI),964,cluster1,0.0004788130991043,170.4493865966797
A - 1(fld 1 wv DAPI - DAPI),965,cluster1,0.0022149267212363,180.63165283203125
A - 1(fld 1 wv DAPI - DAPI),967,cluster1,3.060382645972389e-05,197.95901489257807
A - 1(fld 1 wv DAPI - DAPI),968,cluster2,0.983022693485316,128.86209106445312
A - 1(fld 1 wv DAPI - DAPI),969,cluster2,0.997859263863542,129.2006072998047
A - 1(fld 1 wv DAPI - DAPI),970,cluster1,5.841549509874549e-05,204.15924072265625
A - 1(fld 1 wv DAPI - DAPI),971,cluster1,4.540305553645118e-05,200.1216583251953
A - 1(fld 1 wv DAPI - DAPI),972,cluster2,0.939557962499055,128.37850952148438
A - 1(fld 1 wv DAPI - DAPI),973,cluster1,0.3387000005541615,154.57687377929688
A - 1(fld 1 wv DAPI - DAPI),974,cluster2,0.9961491207045136,123.52132415771484
A - 1(fld 1 wv DAPI - DAPI),975,cluster2,0.9905182836266128,123.26287078857422
A - 1(fld 1 wv DAPI - DAPI),976,cluster1,8.059991724380587e-05,176.1086883544922
A - 1(fld 1 wv DAPI - DAPI),977,cluster1,0.0932674346018844,189.307861328125
A - 1(fld 1 wv DAPI - DAPI),978,cluster1,0.2154822222292258,178.79673767089844
A - 1(fld 1 wv DAPI - DAPI),979,cluster1,9.947711221347306e-05,205.95811462402344
A - 1(fld 1 wv DAPI - DAPI),980,cluster2,0.999540396145577,125.73131561279295
A - 1(fld 1 wv DAPI - DAPI),981,cluster1,0.0004375522986134,206.531494140625
A - 1(fld 1 wv DAPI - DAPI),982,uncertain,0.4730192131201127,171.42015075683594
A - 1(fld 1 wv DAPI - DAPI),983,uncertain,0.3701941140001498,138.0933380126953
A - 1(fld 1 wv DAPI - DAPI),984,cluster2,0.9997630624621612,131.56114196777344
A - 1(fld 1 wv DAPI - DAPI),985,cluster1,0.0022436790157403,174.979248046875
A - 1(fld 1 wv DAPI - DAPI),986,cluster1,0.0001489383969582,138.74510192871094
A - 1(fld 1 wv DAPI - DAPI),987,cluster1,0.001029014991509,193.78965759277344
A - 1(fld 1 wv DAPI - DAPI),988,cluster2,0.9910903495920468,128.42459106445312
A - 1(fld 1 wv DAPI - DAPI),989,cluster1,0.0004085161362547,173.06402587890625
A - 1(fld 1 wv DAPI - DAPI),990,cluster1,7.801180976857217e-05,181.8251800537109
A - 1(fld 1 wv DAPI - DAPI),991,cluster2,0.9033305846617272,156.4888916015625
A - 1(fld 1 wv DAPI - DAPI),992,cluster1,0.0005769198702351,159.61863708496094
A - 1(fld 1 wv DAPI - DAPI),993,cluster1,0.0091051206861888,192.40493774414065
A - 1(fld 1 wv DAPI - DAPI),994,cluster1,3.541188869568856e-05,201.4112243652344
A - 1(fld 1 wv DAPI - DAPI),995,cluster2,0.9955280052396108,129.68740844726562
A - 1(fld 1 wv DAPI - DAPI),996,cluster1,0.0259612651620208,149.77467346191406
A - 1(fld 1 wv DAPI - DAPI),997,cluster1,0.0134268026968237,160.65481567382812
A - 1(fld 1 wv DAPI - DAPI),998,cluster1,0.0002862933399316,180.3961944580078
A - 1(fld 1 wv DAPI - DAPI),999,cluster2,0.9994030513603428,126.11919403076172
A - 1(fld 1 wv DAPI - DAPI),1000,cluster1,0.0085145333916953,130.75
A - 1(fld 1 wv DAPI - DAPI),1001,cluster1,0.0405108424514051,193.125732421875
A - 1(fld 1 wv DAPI - DAPI),1002,cluster1,2.8556167484730937e-05,171.08251953125
A - 1(fld 1 wv DAPI - DAPI),1003,cluster2,0.9952158208622134,122.77308654785156
A - 1(fld 1 wv DAPI - DAPI),1004,cluster1,0.1004961940221105,135.02427673339844
A - 1(fld 1 wv DAPI - DAPI),1005,cluster1,0.0002379909715823,200.9395751953125
A - 1(fld 1 wv DAPI - DAPI),1006,cluster2,0.9999315518945262,177.5597381591797
A - 1(fld 1 wv DAPI - DAPI),1007,cluster1,0.0006889236603674,208.1275329589844
A - 1(fld 1 wv DAPI - DAPI),1008,cluster1,0.2832523235539392,183.81602478027344
A - 1(fld 1 wv DAPI - DAPI),1009,cluster2,0.9546329929211462,126.93096160888672
A - 1(fld 1 wv DAPI - DAPI),1010,cluster2,0.9995466524607938,130.28761291503906
A - 1(fld 1 wv DAPI - DAPI),1011,cluster1,0.0001238923502188,168.71392822265625
A - 1(fld 1 wv DAPI - DAPI),1012,cluster1,0.0012348106337137,185.6263732910156
A - 1(fld 1 wv DAPI - DAPI),1013,cluster1,0.0010743415353686,175.83071899414062
A - 1(fld 1 wv DAPI - DAPI),1014,cluster1,0.0001006223219473,186.4234619140625
A - 1(fld 1 wv DAPI - DAPI),1015,cluster2,0.9820038540392724,183.15684509277344
A - 1(fld 1 wv DAPI - DAPI),1016,cluster1,0.0038177427406456,151.02523803710938
A - 1(fld 1 wv DAPI - DAPI),1017,uncertain,0.6491103000022891,185.1967010498047
A - 1(fld 1 wv DAPI - DAPI),1018,cluster1,0.0011116401957908,187.67916870117188
A - 1(fld 1 wv DAPI - DAPI),1019,cluster1,0.0038459018016989,130.8163299560547
A - 1(fld 1 wv DAPI - DAPI),1020,cluster2,0.998097606968636,133.82618713378906
A - 1(fld 1 wv DAPI - DAPI),1021,cluster1,0.000176026044921,210.6703338623047
A - 1(fld 1 wv DAPI - DAPI),1022,cluster1,0.2489555141829059,110.40833282470705
A - 1(fld 1 wv DAPI - DAPI),1023,cluster2,0.9978705021789744,128.1096954345703
A - 1(fld 1 wv DAPI - DAPI),1024,cluster2,0.9722538692952546,129.6276397705078
A - 1(fld 1 wv DAPI - DAPI),1025,cluster1,0.3159312866574246,195.5599975585937
A - 1(fld 1 wv DAPI - DAPI),1026,cluster1,0.002538627709364,163.6999969482422
A - 1(fld 1 wv DAPI - DAPI),1027,cluster1,0.0001392698971663,178.17222595214844
A - 1(fld 1 wv DAPI - DAPI),1028,cluster1,0.0750129026207967,185.83004760742188
A - 1(fld 1 wv DAPI - DAPI),1030,cluster2,0.9987783705912028,137.20924377441406
A - 1(fld 1 wv DAPI - DAPI),1031,cluster1,0.0007949242537694,174.54046630859375
A - 1(fld 1 wv DAPI - DAPI),1032,cluster2,0.9996014947251703,120.11197662353516
A - 1(fld 1 wv DAPI - DAPI),1033,cluster1,0.0008701250448483,181.074447631836
A - 1(fld 1 wv DAPI - DAPI),1034,cluster1,0.320843301885393,163.5009307861328
A - 1(fld 1 wv DAPI - DAPI),1035,cluster1,0.0003486277917888,139.36813354492188
A - 1(fld 1 wv DAPI - DAPI),1036,cluster1,0.0051350002109861,148.4303741455078
A - 1(fld 1 wv DAPI - DAPI),1037,cluster2,0.9965481071930172,129.09495544433594
A - 1(fld 1 wv DAPI - DAPI),1038,cluster1,0.0064976801458895,184.14144897460932
A - 1(fld 1 wv DAPI - DAPI),1039,cluster1,0.004955032164928,187.67703247070312
A - 1(fld 1 wv DAPI - DAPI),1040,cluster1,0.0014279900217498,201.8712615966797
A - 1(fld 1 wv DAPI - DAPI),1041,cluster2,0.9855680321850544,121.73761749267578
A - 1(fld 1 wv DAPI - DAPI),1042,cluster1,0.0001676134751057,187.2665252685547
A - 1(fld 1 wv DAPI - DAPI),1043,cluster1,0.0013755606742688,183.79953002929688
A - 1(fld 1 wv DAPI - DAPI),1044,cluster2,0.9915931429865138,129.7211151123047
A - 1(fld 1 wv DAPI - DAPI),1045,cluster1,8.238138224960816e-05,178.827880859375
A - 1(fld 1 wv DAPI - DAPI),1046,cluster1,0.0015488885801567,203.3796539306641
A - 1(fld 1 wv DAPI - DAPI),1047,cluster1,0.1700163069175488,208.1637115478516
A - 1(fld 1 wv DAPI - DAPI),1048,cluster1,0.0007469554816538,179.7220916748047
A - 1(fld 1 wv DAPI - DAPI),1049,cluster1,0.0010102609664839,208.0276336669922
A - 1(fld 1 wv DAPI - DAPI),1050,cluster1,0.0006013791526166,190.0977783203125
A - 1(fld 1 wv DAPI - DAPI),1051,cluster2,0.9880035278285008,126.01213073730467
A - 1(fld 1 wv DAPI - DAPI),1052,cluster1,0.0569991604835368,115.93220520019533
A - 1(fld 1 wv DAPI - DAPI),1053,cluster1,0.1243587544660627,181.80763244628903
A - 1(fld 1 wv DAPI - DAPI),1054,cluster1,0.2344067449891467,205.534408569336
A - 1(fld 1 wv DAPI - DAPI),1055,cluster2,0.9998941543591676,132.48406982421875
A - 1(fld 1 wv DAPI - DAPI),1056,cluster2,0.98995111655559,126.91017150878906
A - 1(fld 1 wv DAPI - DAPI),1057,cluster2,0.996901984612398,138.06204223632812
A - 1(fld 1 wv DAPI - DAPI),1059,cluster1,0.0493669558057654,166.4042205810547
A - 1(fld 1 wv DAPI - DAPI),1060,cluster1,0.0024075085993147,179.72634887695312
A - 1(fld 1 wv DAPI - DAPI),1061,cluster2,0.9968349481760768,128.8419189453125
A - 1(fld 1 wv DAPI - DAPI),1062,cluster1,0.0001792776327757,160.325439453125
A - 1(fld 1 wv DAPI - DAPI),1063,cluster1,0.0023024525157737,166.28936767578125
A - 1(fld 1 wv DAPI - DAPI),1064,cluster1,0.0006084017714814,193.87843322753903
A - 1(fld 1 wv DAPI - DAPI),1065,cluster1,0.0002217229775233,202.9818572998047
A - 1(fld 1 wv DAPI - DAPI),1066,cluster1,0.0074177767237003,178.7446746826172
A - 1(fld 1 wv DAPI - DAPI),1067,cluster2,0.8731821778122233,159.34243774414062
A - 1(fld 1 wv DAPI - DAPI),1068,cluster1,0.0098015886510106,198.15042114257807
A - 1(fld 1 wv DAPI - DAPI),1069,cluster2,0.9827121874642778,202.0310516357422
A - 1(fld 1 wv DAPI - DAPI),1070,cluster2,0.9626222061891084,130.56134033203125
A - 1(fld 1 wv DAPI - DAPI),1072,cluster2,0.9868617957003256,135.176513671875
A - 1(fld 1 wv DAPI - DAPI),1073,cluster2,0.9998538749227576,135.36587524414062
A - 1(fld 1 wv DAPI - DAPI),1074,cluster1,0.0016512084722456,179.99745178222656
A - 1(fld 1 wv DAPI - DAPI),1075,cluster1,0.0222744277217254,174.05014038085938
A - 1(fld 1 wv DAPI - DAPI),1076,cluster1,0.0562894065523855,181.8133850097656
A - 1(fld 1 wv DAPI - DAPI),1077,cluster1,2.44229218185959e-07,222.5961761474609
A - 1(fld 1 wv DAPI - DAPI),1078,cluster1,0.0040546459923092,196.23521423339844
A - 1(fld 1 wv DAPI - DAPI),1079,cluster1,0.0013426701721015,192.046615600586
A - 1(fld 1 wv DAPI - DAPI),1080,cluster2,0.9944685364983636,133.71607971191406
A - 1(fld 1 wv DAPI - DAPI),1081,cluster2,0.9644921825834774,142.90045166015625
A - 1(fld 1 wv DAPI - DAPI),1082,cluster1,0.0015773479399102,168.33433532714844
A - 1(fld 1 wv DAPI - DAPI),1083,cluster1,0.2265800024030547,197.2354431152344
A - 1(fld 1 wv DAPI - DAPI),1084,cluster2,0.9616555638404176,122.52333068847656
A - 1(fld 1 wv DAPI - DAPI),1085,cluster1,0.0419361728556345,179.27999877929688
A - 1(fld 1 wv DAPI - DAPI),1086,cluster1,0.0022423452117228,159.0777587890625
A - 1(fld 1 wv DAPI - DAPI),1087,cluster2,0.998628288172541,126.50987243652344
A - 1(fld 1 wv DAPI - DAPI),1088,cluster1,6.304061197227684e-05,195.09255981445312
A - 1(fld 1 wv DAPI - DAPI),1089,cluster1,0.0048770153041799,169.30972290039062
A - 1(fld 1 wv DAPI - DAPI),1090,cluster1,0.0652743139832579,176.34222412109375
A - 1(fld 1 wv DAPI - DAPI),1091,cluster2,0.8996172190438345,135.72711181640625
A - 1(fld 1 wv DAPI - DAPI),1092,cluster2,0.9838041853345492,151.7652130126953
A - 1(fld 1 wv DAPI - DAPI),1093,cluster1,0.0005306103414392,180.71954345703125
A - 1(fld 1 wv DAPI - DAPI),1094,cluster2,0.8099380632896703,122.10550689697266
A - 1(fld 1 wv DAPI - DAPI),1095,cluster2,0.8944353601107661,134.7792205810547
A - 1(fld 1 wv DAPI - DAPI),1096,cluster1,0.0011777037669966,174.42567443847656
A - 1(fld 1 wv DAPI - DAPI),1097,cluster1,0.001315711322904,185.11094665527344
A - 1(fld 1 wv DAPI - DAPI),1098,cluster1,0.0003718804691981,201.74644470214844
A - 1(fld 1 wv DAPI - DAPI),1099,cluster1,8.453942092826234e-05,189.2854156494141
A - 1(fld 1 wv DAPI - DAPI),1100,cluster2,0.9999929265261328,174.86666870117188
A - 1(fld 1 wv DAPI - DAPI),1101,cluster1,0.00157394580912,193.43478393554688
A - 1(fld 1 wv DAPI - DAPI),1102,cluster2,0.999155252839248,129.85232543945312
A - 1(fld 1 wv DAPI - DAPI),1103,cluster1,0.0476372452444444,157.0637664794922
A - 1(fld 1 wv DAPI - DAPI),1104,cluster1,0.0048335121364749,167.22669982910156
A - 1(fld 1 wv DAPI - DAPI),1105,cluster2,0.9152205080156214,134.41293334960938
A - 1(fld 1 wv DAPI - DAPI),1106,cluster1,0.0002060508077657,190.39013671875
A - 1(fld 1 wv DAPI - DAPI),1107,cluster2,0.9906295835475316,135.1050567626953
A - 1(fld 1 wv DAPI - DAPI),1108,cluster1,0.0001878272293916,181.4969787597656
A - 1(fld 1 wv DAPI - DAPI),1109,cluster1,0.0080523828480848,183.09048461914065
A - 1(fld 1 wv DAPI - DAPI),1110,cluster1,0.0034782040124411,179.82492065429688
A - 1(fld 1 wv DAPI - DAPI),1111,cluster2,0.8136502877932965,178.8758544921875
A - 1(fld 1 wv DAPI - DAPI),1112,cluster1,0.0089030046565308,195.0507049560547
A - 1(fld 1 wv DAPI - DAPI),1113,cluster2,0.9596295345871702,133.57763671875
A - 1(fld 1 wv DAPI - DAPI),1114,cluster1,0.0057295065735526,181.1192779541016
A - 1(fld 1 wv DAPI - DAPI),1115,cluster1,0.0001627637602604,182.91700744628903
A - 1(fld 1 wv DAPI - DAPI),1116,cluster1,0.0001990299138264,195.1515350341797
A - 1(fld 1 wv DAPI - DAPI),1117,cluster1,0.000138230435514,188.35818481445312
A - 1(fld 1 wv DAPI - DAPI),1118,cluster2,0.8393339903103111,125.957763671875
A - 1(fld 1 wv DAPI - DAPI),1119,cluster1,0.0220451601841741,187.5860595703125
A - 1(fld 1 wv DAPI - DAPI),1120,cluster1,0.0523904060475555,179.97909545898438
A - 1(fld 1 wv DAPI - DAPI),1121,uncertain,0.3516416485340669,138.4298095703125
A - 1(fld 1 wv DAPI - DAPI),1122,cluster1,0.0002667184111126,197.1832275390625
A - 1(fld 1 wv DAPI - DAPI),1123,cluster1,3.427284540581806e-05,123.85657501220705
A - 1(fld 1 wv DAPI - DAPI),1124,cluster1,0.1493453790940884,142.56556701660156
A - 1(fld 1 wv DAPI - DAPI),1125,cluster1,0.3408335258963325,129.86280822753906
A - 1(fld 1 wv DAPI - DAPI),1126,cluster1,0.0054691914879336,185.28260803222656
A - 1(fld 1 wv DAPI - DAPI),1127,cluster1,0.00085183278835,129.09230041503906
A - 1(fld 1 wv DAPI - DAPI),1128,cluster1,0.0112551195758276,181.04849243164065
A - 1(fld 1 wv DAPI - DAPI),1129,cluster2,0.9965472073727236,132.5839385986328
A - 1(fld 1 wv DAPI - DAPI),1130,cluster1,0.0002618342766148,208.63088989257807
A - 1(fld 1 wv DAPI - DAPI),1131,cluster1,0.1593794696471985,146.8883819580078
A - 1(fld 1 wv DAPI - DAPI),1132,uncertain,0.7697533433602364,133.172607421875
A - 1(fld 1 wv DAPI - DAPI),1133,cluster1,1.1181738203214326e-05,207.0982208251953
A - 1(fld 1 wv DAPI - DAPI),1134,cluster1,0.0002505019667078,219.5958251953125
A - 1(fld 1 wv DAPI - DAPI),1135,cluster2,0.9354037109357156,176.6610565185547
A - 1(fld 1 wv DAPI - DAPI),1136,cluster1,0.0056471040632117,134.64674377441406
A - 1(fld 1 wv DAPI - DAPI),1137,cluster2,0.9993534220964456,140.7357635498047
A - 1(fld 1 wv DAPI - DAPI),1138,cluster1,0.0134261643717041,174.47181701660156
A - 1(fld 1 wv DAPI - DAPI),1139,cluster1,6.0902183415471e-06,185.3593292236328
A - 1(fld 1 wv DAPI - DAPI),1140,cluster1,0.0005474411878562,181.8819274902344
A - 1(fld 1 wv DAPI - DAPI),1141,cluster1,2.130878828869904e-07,199.7301025390625
A - 1(fld 1 wv DAPI - DAPI),1142,cluster2,0.9851598831248262,135.55389404296875
A - 1(fld 1 wv DAPI - DAPI),1143,cluster1,0.0002085741944328,160.69387817382812
A - 1(fld 1 wv DAPI - DAPI),1144,cluster1,0.0302127497085969,164.3820343017578
A - 1(fld 1 wv DAPI - DAPI),1145,cluster1,0.0127294594821835,199.22430419921875
A - 1(fld 1 wv DAPI - DAPI),1146,cluster1,0.1412371299604292,134.19757080078125
A - 1(fld 1 wv DAPI - DAPI),1147,cluster1,0.0117710228711748,134.0833282470703
A - 1(fld 1 wv DAPI - DAPI),1148,cluster1,0.3491157719479672,150.0
A - 1(fld 1 wv DAPI - DAPI),1149,cluster1,0.000271878796994,135.5131378173828
A - 1(fld 1 wv DAPI - DAPI),1150,cluster1,4.3920134164798615e-05,209.821533203125
A - 1(fld 1 wv DAPI - DAPI),1151,uncertain,0.6994694055755364,134.17752075195312
A - 1(fld 1 wv DAPI - DAPI),1152,cluster1,7.066696158802753e-07,180.2291717529297
A - 1(fld 1 wv DAPI - DAPI),1153,cluster1,4.020037774914674e-05,220.8660888671875
A - 1(fld 1 wv DAPI - DAPI),1154,cluster1,0.0003500992973705,193.64894104003903
A - 1(fld 1 wv DAPI - DAPI),1155,cluster1,0.2977953095689375,132.3222198486328
A - 1(fld 1 wv DAPI - DAPI),1156,cluster1,0.2216241746567752,134.04905700683594
A - 1(fld 1 wv DAPI - DAPI),1157,cluster2,0.9694636953089876,147.84046936035156
A - 1(fld 1 wv DAPI - DAPI),1158,cluster1,0.0099916890219451,192.48159790039065
A - 1(fld 1 wv DAPI - DAPI),1159,cluster2,0.9999720503737628,181.8409576416016
A - 1(fld 1 wv DAPI - DAPI),1160,cluster1,0.0055688919117922,183.40353393554688
A - 1(fld 1 wv DAPI - DAPI),1161,cluster2,0.9951974969213068,129.96055603027344
A - 1(fld 1 wv DAPI - DAPI),1162,cluster1,0.0023855039042232,185.98204040527344
A - 1(fld 1 wv DAPI - DAPI),1163,uncertain,0.7983384368798486,135.41476440429688
A - 1(fld 1 wv DAPI - DAPI),1164,cluster1,0.024872378894957,177.82286071777344
A - 1(fld 1 wv DAPI - DAPI),1165,cluster1,0.0100556736645758,180.4099273681641
A - 1(fld 1 wv DAPI - DAPI),1166,cluster1,0.0003079255469338,159.06015014648438
A - 1(fld 1 wv DAPI - DAPI),1167,cluster1,0.0784411671283751,145.16847229003906
A - 1(fld 1 wv DAPI - DAPI),1168,cluster1,0.006347723718849,171.2611541748047
A - 1(fld 1 wv DAPI - DAPI),1169,uncertain,0.6537998557600077,198.66183471679688
A - 1(fld 1 wv DAPI - DAPI),1170,cluster1,9.917658327994882e-05,208.9248809814453
A - 1(fld 1 wv DAPI - DAPI),1171,cluster1,0.000706634060348,207.779052734375
A - 1(fld 1 wv DAPI - DAPI),1172,cluster1,0.0038880058931074,141.1227264404297
A - 1(fld 1 wv DAPI - DAPI),1173,cluster1,5.3461756545149365e-05,140.37274169921875
A - 1(fld 1 wv DAPI - DAPI),1174,cluster1,0.001047754694184,182.7210235595703
A - 1(fld 1 wv DAPI - DAPI),1175,cluster1,0.000639805613662,206.1371154785156
A - 1(fld 1 wv DAPI - DAPI),1176,cluster1,0.2403272182907206,132.37071228027344
A - 1(fld 1 wv DAPI - DAPI),1177,cluster1,1.2704495103828937e-07,177.22193908691406
A - 1(fld 1 wv DAPI - DAPI),1178,cluster1,0.1313941947456472,157.05897521972656
A - 1(fld 1 wv DAPI - DAPI),1179,cluster1,0.0041027805314938,139.12814331054688
A - 1(fld 1 wv DAPI - DAPI),1180,cluster1,0.0008518282926534,163.26953125
A - 1(fld 1 wv DAPI - DAPI),1181,cluster1,0.0002507863784538,197.49658203125
A - 1(fld 1 wv DAPI - DAPI),1182,cluster2,0.9925956712884848,137.52659606933594
A - 1(fld 1 wv DAPI - DAPI),1183,cluster1,0.0001867478891507,199.53846740722656
A - 1(fld 1 wv DAPI - DAPI),1184,cluster1,0.0665961246544397,189.5
A - 1(fld 1 wv DAPI - DAPI),1185,cluster2,0.9608603906999208,177.0040283203125
A - 1(fld 1 wv DAPI - DAPI),1186,cluster1,6.382659324558598e-07,125.13031768798828
A - 1(fld 1 wv DAPI - DAPI),1187,cluster2,0.9997235066743148,133.95565795898438
A - 1(fld 1 wv DAPI - DAPI),1188,cluster2,0.9889283671702768,129.64573669433594
A - 1(fld 1 wv DAPI - DAPI),1189,cluster2,0.9869810699449884,140.5249481201172
A - 1(fld 1 wv DAPI - DAPI),1190,cluster2,0.8021181644286774,149.71641540527344
A - 1(fld 1 wv DAPI - DAPI),1191,cluster1,6.239491950701743e-05,133.38356018066406
A - 1(fld 1 wv DAPI - DAPI),1192,cluster1,0.2765167866019691,138.32754516601562
A - 1(fld 1 wv DAPI - DAPI),1193,cluster1,0.0125570565401184,144.21005249023438
A - 1(fld 1 wv DAPI - DAPI),1194,cluster1,7.66989522879403e-05,184.7909393310547
A - 1(fld 1 wv DAPI - DAPI),1195,cluster1,0.0019658291738208,192.26174926757807
A - 1(fld 1 wv DAPI - DAPI),1196,cluster2,0.9897853321492848,129.74655151367188
A - 1(fld 1 wv DAPI - DAPI),1197,cluster1,0.0022784086688569,189.66629028320312
A - 1(fld 1 wv DAPI - DAPI),1198,cluster1,0.0945205998661906,136.10470581054688
A - 1(fld 1 wv DAPI - DAPI),1199,cluster1,0.0016909690093692,148.73898315429688
A - 1(fld 1 wv DAPI - DAPI),1200,cluster1,0.0045831714867772,188.20497131347656
A - 1(fld 1 wv DAPI - DAPI),1201,cluster1,0.0002109171539805,180.3464508056641
A - 1(fld 1 wv DAPI - DAPI),1202,cluster1,0.0434917079775778,181.79335021972656
A - 1(fld 1 wv DAPI - DAPI),1203,cluster1,0.0137620936552465,117.24539947509766
A - 1(fld 1 wv DAPI - DAPI),1204,cluster1,0.0059675998885552,178.39190673828125
A - 1(fld 1 wv DAPI - DAPI),1205,cluster1,0.0003581455972566,191.0322113037109
A - 1(fld 1 wv DAPI - DAPI),1206,cluster1,0.1288344899329041,125.26881408691406
A - 1(fld 1 wv DAPI - DAPI),1207,cluster1,0.0095040358338816,177.27745056152344
A - 1(fld 1 wv DAPI - DAPI),1208,cluster1,0.0410137800385613,184.4556427001953
A - 1(fld 1 wv DAPI - DAPI),1209,cluster1,0.0006051853629436,183.0724639892578
A - 1(fld 1 wv DAPI - DAPI),1210,cluster1,0.0002313773185421,157.05697631835938
A - 1(fld 1 wv DAPI - DAPI),1211,cluster1,0.0001253109339721,165.9196014404297
A - 1(fld 1 wv DAPI - DAPI),1212,cluster1,0.0021903456147775,204.48976135253903
A - 1(fld 1 wv DAPI - DAPI),1213,cluster1,0.0136175868024892,140.96377563476562
A - 1(fld 1 wv DAPI - DAPI),1214,cluster1,0.0045010723701022,117.39024353027344
A - 1(fld 1 wv DAPI - DAPI),1215,cluster1,0.0114140514247893,127.57049560546876
A - 1(fld 1 wv DAPI - DAPI),1216,cluster1,0.0041736549694576,210.6254272460937
A - 1(fld 1 wv DAPI - DAPI),1217,cluster1,0.0040990992875725,170.5267791748047
A - 1(fld 1 wv DAPI - DAPI),1218,uncertain,0.4473275637428204,181.59078979492188
A - 1(fld 1 wv DAPI - DAPI),1219,cluster1,0.0002987074358744,171.4773712158203
A - 1(fld 1 wv DAPI - DAPI),1220,cluster1,0.0002050232561224,170.84341430664062
A - 1(fld 1 wv DAPI - DAPI),1222,cluster1,0.2741512121514696,131.79856872558594
A - 1(fld 1 wv DAPI - DAPI),1223,cluster1,0.1258885998967632,154.44325256347656
A - 1(fld 1 wv DAPI - DAPI),1224,cluster1,0.0169092641945214,143.20944213867188
A - 1(fld 1 wv DAPI - DAPI),1225,cluster1,0.0003493693363577,179.4707794189453
A - 1(fld 1 wv DAPI - DAPI),1226,cluster1,0.0151646054569428,172.78073120117188
A - 1(fld 1 wv DAPI - DAPI),1227,cluster1,0.1857625771518684,142.02333068847656
A - 1(fld 1 wv DAPI - DAPI),1228,cluster1,0.0010197460718643,176.4571075439453
A - 1(fld 1 wv DAPI - DAPI),1229,cluster2,0.9998280260884458,199.98605346679688
A - 1(fld 1 wv DAPI - DAPI),1230,cluster1,0.000449618388494,173.6850128173828
A - 1(fld 1 wv DAPI - DAPI),1231,cluster1,0.0003901871000009,145.66305541992188
A - 1(fld 1 wv DAPI - DAPI),1232,cluster1,6.962896865855802e-07,162.71177673339844
A - 1(fld 1 wv DAPI - DAPI),1233,uncertain,0.7146717562383783,135.38075256347656
A - 1(fld 1 wv DAPI - DAPI),1234,cluster1,2.147271932807774e-05,169.18470764160156
A - 1(fld 1 wv DAPI - DAPI),1235,cluster1,0.004869844215069,149.44296264648438
A - 1(fld 1 wv DAPI - DAPI),1236,cluster2,0.9876862107912544,135.26156616210938
A - 1(fld 1 wv DAPI - DAPI),1237,cluster1,3.1209498654495766e-08,184.78500366210932
A - 1(fld 1 wv DAPI - DAPI),1238,cluster1,0.046082979967681,157.37347412109375
A - 1(fld 1 wv DAPI - DAPI),1239,cluster1,0.0028588349015867,156.48944091796875
A - 1(fld 1 wv DAPI - DAPI),1240,cluster1,0.0005284161885422,194.24606323242188
A - 1(fld 1 wv DAPI - DAPI),1241,cluster1,0.038483576227386,191.24954223632807
A - 1(fld 1 wv DAPI - DAPI),1242,cluster2,0.8872147012844211,142.2378692626953
A - 1(fld 1 wv DAPI - DAPI),1243,cluster1,0.0028664254377807,192.4358367919922
A - 1(fld 1 wv DAPI - DAPI),1244,cluster1,0.0023836699996688,161.64453125
A - 1(fld 1 wv DAPI - DAPI),1245,cluster1,0.0007143576373678,190.0717315673828
A - 1(fld 1 wv DAPI - DAPI),1246,cluster1,0.04899602232262,142.16038513183594
A - 1(fld 1 wv DAPI - DAPI),1247,cluster1,0.0035635611220369,169.74851989746094
A - 1(fld 1 wv DAPI - DAPI),1248,cluster1,0.001041044573551,170.9954833984375
A - 1(fld 1 wv DAPI - DAPI),1249,cluster1,0.0064481406987366,182.67117309570312
A - 1(fld 1 wv DAPI - DAPI),1250,cluster1,0.1933135900424019,142.91929626464844
A - 1(fld 1 wv DAPI - DAPI),1251,cluster1,0.0001296884540149,176.5738067626953
A - 1(fld 1 wv DAPI - DAPI),1252,uncertain,0.5495352344498916,142.80845642089844
A - 1(fld 1 wv DAPI - DAPI),1253,cluster1,0.0002288687440762,200.2779693603516
A - 1(fld 1 wv DAPI - DAPI),1254,cluster1,0.0004951525899506,159.28640747070312
A - 1(fld 1 wv DAPI - DAPI),1255,cluster1,0.0050613365363021,189.1357421875
A - 1(fld 1 wv DAPI - DAPI),1256,cluster1,0.0218973570773532,143.62319946289062
A - 1(fld 1 wv DAPI - DAPI),1257,cluster1,0.0616339553063477,175.2358856201172
A - 1(fld 1 wv DAPI - DAPI),1258,cluster1,2.907365286368828e-06,187.77020263671875
A - 1(fld 1 wv DAPI - DAPI),1259,cluster1,0.0254542077749362,140.90390014648438
A - 1(fld 1 wv DAPI - DAPI),1260,cluster1,7.580788018966421e-05,175.08677673339844
A - 1(fld 1 wv DAPI - DAPI),1261,cluster1,0.0606463897089418,147.7687530517578
A - 1(fld 1 wv DAPI - DAPI),1262,cluster1,0.0058780869043956,158.42010498046875
A - 1(fld 1 wv DAPI - DAPI),1263,cluster1,0.0200431709453774,148.180419921875
A - 1(fld 1 wv DAPI - DAPI),1264,cluster1,0.0124123072639322,157.8109893798828
A - 1(fld 1 wv DAPI - DAPI),1265,cluster1,0.0086780020142005,152.11517333984375
A - 1(fld 1 wv DAPI - DAPI),1266,cluster1,0.0042245327364215,152.21554565429688
A - 1(fld 1 wv DAPI - DAPI),1267,cluster1,0.006476470752378,213.64718627929688
A - 1(fld 1 wv DAPI - DAPI),1268,cluster2,0.9994175109598512,178.78750610351562
A - 1(fld 1 wv DAPI - DAPI),1269,cluster1,0.0065468090153637,165.15057373046875
A - 1(fld 1 wv DAPI - DAPI),1270,uncertain,0.7024310216505324,135.9177703857422
A - 1(fld 1 wv DAPI - DAPI),1271,cluster1,3.8659174948656816e-05,196.22618103027344
A - 1(fld 1 wv DAPI - DAPI),1272,cluster1,0.004659746775189,203.25210571289065
A - 1(fld 1 wv DAPI - DAPI),1273,cluster1,0.0023964218246618,203.37286376953125
A - 1(fld 1 wv DAPI - DAPI),1274,cluster1,0.0037431309913986,166.85569763183594
A - 1(fld 1 wv DAPI - DAPI),1275,cluster2,0.9859666403332978,142.8472442626953
A - 1(fld 1 wv DAPI - DAPI),1276,cluster1,0.013233196974685,145.89224243164062
A - 1(fld 1 wv DAPI - DAPI),1277,cluster2,0.8867644054689361,145.83714294433594
A - 1(fld 1 wv DAPI - DAPI),1278,cluster1,0.1885936479806495,138.64889526367188
A - 1(fld 1 wv DAPI - DAPI),1279,cluster1,0.0018147990581547,157.88087463378906
A - 1(fld 1 wv DAPI - DAPI),1280,cluster1,0.0043839112782508,123.33333587646484
A - 1(fld 1 wv DAPI - DAPI),1281,cluster1,0.0032805431872854,179.09695434570312
A - 1(fld 1 wv DAPI - DAPI),1282,cluster1,0.0781385035939657,139.09983825683594
A - 1(fld 1 wv DAPI - DAPI),1283,cluster1,0.0003327888882742,180.02061462402344
A - 1(fld 1 wv DAPI - DAPI),1284,cluster1,0.0063681847318183,175.65924072265625
A - 1(fld 1 wv DAPI - DAPI),1285,cluster1,0.0127856907671084,182.25
A - 1(fld 1 wv DAPI - DAPI),1286,cluster1,0.0001418800479498,180.14353942871094
A - 1(fld 1 wv DAPI - DAPI),1287,cluster1,0.0004412723046525,195.694564819336
A - 1(fld 1 wv DAPI - DAPI),1288,cluster1,0.0074119828612341,152.93116760253906
A - 1(fld 1 wv DAPI - DAPI),1289,cluster1,0.0156885884571168,146.93397521972656
A - 1(fld 1 wv DAPI - DAPI),1290,cluster1,0.140498332426587,154.2246551513672
A - 1(fld 1 wv DAPI - DAPI),1291,cluster1,0.000316026780795,178.0687713623047
A - 1(fld 1 wv DAPI - DAPI),1292,cluster1,8.072605790234561e-05,187.1000061035156
A - 1(fld 1 wv DAPI - DAPI),1293,cluster1,0.0469300842452853,158.03334045410156
A - 1(fld 1 wv DAPI - DAPI),1294,cluster1,8.133848645733321e-05,171.8223114013672
A - 1(fld 1 wv DAPI - DAPI),1295,cluster1,0.0074253223552203,178.48098754882812
A - 1(fld 1 wv DAPI - DAPI),1296,cluster1,0.0049848041203793,180.63314819335932
A - 1(fld 1 wv DAPI - DAPI),1297,cluster1,0.0224306632391279,152.37765502929688
A - 1(fld 1 wv DAPI - DAPI),1299,cluster1,0.0053855291440552,156.4545440673828
A - 1(fld 1 wv DAPI - DAPI),1300,cluster1,2.202021476998809e-08,175.30271911621094
A - 1(fld 1 wv DAPI - DAPI),1301,cluster1,0.0032796423093162,208.3385772705078
A - 1(fld 1 wv DAPI - DAPI),1302,cluster1,0.0954785815401899,140.82940673828125
A - 1(fld 1 wv DAPI - DAPI),1303,cluster1,0.0042159297149638,164.77821350097656
A - 1(fld 1 wv DAPI - DAPI),1304,cluster1,0.0001325049253884,190.12030029296875
A - 1(fld 1 wv DAPI - DAPI),1305,cluster1,0.0677237809518536,176.8861083984375
A - 1(fld 1 wv DAPI - DAPI),1306,cluster1,0.0047703215696236,213.72848510742188
A - 1(fld 1 wv DAPI - DAPI),1307,cluster1,1.69919998503162e-05,181.737045288086
A - 1(fld 1 wv DAPI - DAPI),1308,cluster1,0.0014880951278811,169.66946411132812
A - 1(fld 1 wv DAPI - DAPI),1309,cluster1,4.204179591559444e-05,129.8441619873047
A - 1(fld 1 wv DAPI - DAPI),1310,cluster2,0.988490113922574,189.95936584472656
A - 1(fld 1 wv DAPI - DAPI),1311,cluster1,0.0027271091824899,159.6724395751953
A - 1(fld 1 wv DAPI - DAPI),1312,cluster1,0.0100674450654617,154.24533081054688
A - 1(fld 1 wv DAPI - DAPI),1313,cluster1,0.0045644780032703,157.20828247070312
A - 1(fld 1 wv DAPI - DAPI),1314,uncertain,0.3869468461303342,197.623291015625
A - 1(fld 1 wv DAPI - DAPI),1315,cluster1,0.0644286233334341,148.90553283691406
A - 1(fld 1 wv DAPI - DAPI),1316,cluster1,0.0064892174828078,172.5879669189453
A - 1(fld 1 wv DAPI - DAPI),1317,cluster1,0.0042689308424652,139.12355041503906
A - 1(fld 1 wv DAPI - DAPI),1318,cluster1,0.0591207155665656,161.0433807373047
A - 1(fld 1 wv DAPI - DAPI),1319,cluster1,0.0023225324472183,177.97662353515625
A - 1(fld 1 wv DAPI - DAPI),1320,cluster1,0.0259535899130171,151.40464782714844
A - 1(fld 1 wv DAPI - DAPI),1321,cluster1,0.1564403499412851,140.81332397460938
A - 1(fld 1 wv DAPI - DAPI),1322,cluster1,7.822217045926739e-05,188.8534393310547
A - 1(fld 1 wv DAPI - DAPI),1323,cluster1,0.0040826621243931,190.9921417236328
A - 1(fld 1 wv DAPI - DAPI),1324,uncertain,0.7028058808301948,146.68162536621094
A - 1(fld 1 wv DAPI - DAPI),1325,cluster1,0.0029274316829787,174.0111846923828
A - 1(fld 1 wv DAPI - DAPI),1326,cluster1,3.361235308076804e-05,179.5793914794922
A - 1(fld 1 wv DAPI - DAPI),1327,cluster1,0.0001009871930231,191.40310668945312
A - 1(fld 1 wv DAPI - DAPI),1328,cluster1,0.0015785314246599,186.8199462890625
A - 1(fld 1 wv DAPI - DAPI),1329,cluster1,0.0014478715419106,147.4954071044922
A - 1(fld 1 wv DAPI - DAPI),1330,cluster1,0.0011714423682003,141.06748962402344
A - 1(fld 1 wv DAPI - DAPI),1331,cluster1,9.349996055157756e-05,172.8168487548828
A - 1(fld 1 wv DAPI - DAPI),1332,cluster1,0.0022301878562258,146.57794189453125
A - 1(fld 1 wv DAPI - DAPI),1333,cluster1,0.0003471853466369,182.2643280029297
A - 1(fld 1 wv DAPI - DAPI),1334,cluster1,0.039990830787347,177.99632263183594
A - 1(fld 1 wv DAPI - DAPI),1335,cluster1,0.0273024124757317,192.1564483642578
A - 1(fld 1 wv DAPI - DAPI),1336,cluster1,0.0092700639120996,165.75039672851562
A - 1(fld 1 wv DAPI - DAPI),1337,cluster1,0.051386738759041,194.5761108398437
A - 1(fld 1 wv DAPI - DAPI),1338,cluster1,0.0065654240811401,155.05203247070312
A - 1(fld 1 wv DAPI - DAPI),1339,cluster1,7.759425508007553e-06,130.4605712890625
A - 1(fld 1 wv DAPI - DAPI),1340,cluster1,1.728381022540525e-05,179.02914428710938
A - 1(fld 1 wv DAPI - DAPI),1341,cluster2,0.9913087693104312,196.3496856689453
A - 1(fld 1 wv DAPI - DAPI),1342,cluster1,1.3057088268331762e-05,177.1824188232422
A - 1(fld 1 wv DAPI - DAPI),1344,cluster1,0.1920036420784845,180.3412628173828
A - 1(fld 1 wv DAPI - DAPI),1345,cluster1,0.0020780856783164,154.5321044921875
A - 1(fld 1 wv DAPI - DAPI),1346,cluster1,0.0145911038901741,156.27951049804688
A - 1(fld 1 wv DAPI - DAPI),1347,cluster1,3.380472885003424e-05,169.92910766601562
A - 1(fld 1 wv DAPI - DAPI),1348,cluster1,3.016802747092314e-05,181.2384490966797
A - 1(fld 1 wv DAPI - DAPI),1349,cluster1,0.0041898244870629,155.96725463867188
A - 1(fld 1 wv DAPI - DAPI),1350,cluster1,0.0010842144547442,178.1038055419922
A - 1(fld 1 wv DAPI - DAPI),1351,cluster1,1.892285637310053e-05,178.60894775390625
A - 1(fld 1 wv DAPI - DAPI),1352,cluster1,0.0046942203892914,190.3845367431641
A - 1(fld 1 wv DAPI - DAPI),1353,cluster1,0.0139350316610253,161.04371643066406
A - 1(fld 1 wv DAPI - DAPI),1354,cluster1,0.3426963271321226,150.96847534179688
A - 1(fld 1 wv DAPI - DAPI),1356,cluster1,0.0018747166501814,118.67259979248048
A - 1(fld 1 wv DAPI - DAPI),1357,cluster1,0.0171755135341827,151.62791442871094
A - 1(fld 1 wv DAPI - DAPI),1358,cluster1,0.0036220719948549,197.53707885742188
A - 1(fld 1 wv DAPI - DAPI),1359,cluster1,0.0114755246094216,206.50425720214844
A - 1(fld 1 wv DAPI - DAPI),1360,cluster1,0.0329690514637544,187.77267456054688
A - 1(fld 1 wv DAPI - DAPI),1361,cluster1,0.0001815900284019,171.11334228515625
A - 1(fld 1 wv DAPI - DAPI),1362,cluster1,0.0155580750737666,184.1363220214844
A - 1(fld 1 wv DAPI - DAPI),1363,cluster1,0.0005769811881789,136.74586486816406
A - 1(fld 1 wv DAPI - DAPI),1364,cluster1,0.002581635463065,136.67626953125
A - 1(fld 1 wv DAPI - DAPI),1365,cluster1,0.0002067913493908,150.25424194335938
A - 1(fld 1 wv DAPI - DAPI),1366,cluster1,1.995557501161961e-06,189.69911193847656
A - 1(fld 1 wv DAPI - DAPI),1367,cluster1,0.0040198213080153,159.25314331054688
A - 1(fld 1 wv DAPI - DAPI),1368,cluster1,0.0032263320539467,144.6778106689453
A - 1(fld 1 wv DAPI - DAPI),1369,cluster1,0.0002389576852682,189.7886962890625
A - 1(fld 1 wv DAPI - DAPI),1370,cluster1,3.8777130549447166e-05,177.47683715820312
A - 1(fld 1 wv DAPI - DAPI),1371,cluster1,0.0018111753676813,166.8076171875
A - 1(fld 1 wv DAPI - DAPI),1372,uncertain,0.720403221742877,193.57179260253903
A - 1(fld 1 wv DAPI - DAPI),1373,cluster1,0.0716545821760592,135.952880859375
A - 1(fld 1 wv DAPI - DAPI),1375,cluster1,5.422793974789684e-06,183.2468719482422
A - 1(fld 1 wv DAPI - DAPI),1376,cluster1,0.0038643520883168,156.75148010253906
A - 1(fld 1 wv DAPI - DAPI),1377,cluster1,0.0016282081279606,133.8008270263672
A - 1(fld 1 wv DAPI - DAPI),1378,cluster1,4.241771997713027e-05,172.21485900878906
A - 1(fld 1 wv DAPI - DAPI),1379,cluster1,2.4405555770940694e-05,172.0294189453125
A - 1(fld 1 wv DAPI - DAPI),1380,cluster1,0.0003007507860152,186.19683837890625
A - 1(fld 1 wv DAPI - DAPI),1381,cluster1,1.6826574670146987e-05,178.09608459472656
A - 1(fld 1 wv DAPI - DAPI),1382,cluster1,0.0018916378982289,183.9295959472656
A - 1(fld 1 wv DAPI - DAPI),1383,cluster1,0.0002205960419871,169.27342224121094
A - 1(fld 1 wv DAPI - DAPI),1384,cluster1,0.0666567828721431,184.50897216796875
A - 1(fld 1 wv DAPI - DAPI),1385,cluster1,4.826534993822465e-05,177.34767150878906
A - 1(fld 1 wv DAPI - DAPI),1386,cluster1,0.0024740639012169,144.90396118164062
A - 1(fld 1 wv DAPI - DAPI),1387,cluster1,0.0026340757460858,157.64459228515625
A - 1(fld 1 wv DAPI - DAPI),1388,cluster1,0.1036497034109053,158.36558532714844
A - 1(fld 1 wv DAPI - DAPI),1390,cluster1,0.0034290746448245,138.9204559326172
A - 1(fld 1 wv DAPI - DAPI),1391,cluster1,2.5528302820645506e-05,179.4616241455078
A - 1(fld 1 wv DAPI - DAPI),1392,cluster1,0.1842055305696874,150.5726776123047
A - 1(fld 1 wv DAPI - DAPI),1393,cluster1,2.74450799230909e-05,174.45938110351562
A - 1(fld 1 wv DAPI - DAPI),1394,cluster1,0.0061815074749732,195.444580078125
A - 1(fld 1 wv DAPI - DAPI),1395,cluster1,0.1540000926325984,150.583251953125
A - 1(fld 1 wv DAPI - DAPI),1396,cluster1,0.0123095480168806,148.3037109375
A - 1(fld 1 wv DAPI - DAPI),1397,cluster1,0.0113642404166093,177.08645629882812
A - 1(fld 1 wv DAPI - DAPI),1398,cluster1,0.0127976333709014,176.35000610351562
A - 1(fld 1 wv DAPI - DAPI),1399,cluster1,0.0223811044471972,148.23574829101562
A - 1(fld 1 wv DAPI - DAPI),1400,cluster1,0.001332238741728,169.87612915039062
A - 1(fld 1 wv DAPI - DAPI),1401,cluster1,0.0009002750934173,149.52777099609375
A - 1(fld 1 wv DAPI - DAPI),1402,cluster1,0.0030129047216817,144.09548950195312
A - 1(fld 1 wv DAPI - DAPI),1403,cluster1,0.0017847220925232,176.92474365234375
A - 1(fld 1 wv DAPI - DAPI),1404,cluster1,6.70251650443492e-08,185.9297790527344
A - 1(fld 1 wv DAPI - DAPI),1405,cluster1,0.0002760868300052,191.66915893554688
A - 1(fld 1 wv DAPI - DAPI),1406,cluster1,0.0050124943184959,173.3518829345703
A - 1(fld 1 wv DAPI - DAPI),1407,cluster1,0.0060863757128026,200.77752685546875
A - 1(fld 1 wv DAPI - DAPI),1408,cluster1,6.56251297188736e-06,182.1435394287109
A - 1(fld 1 wv DAPI - DAPI),1409,cluster1,7.465300542025267e-06,182.20150756835932
A - 1(fld 1 wv DAPI - DAPI),1410,cluster1,0.0014866437322921,137.6039581298828
A - 1(fld 1 wv DAPI - DAPI),1411,cluster1,0.0069021200502793,155.1478271484375
A - 1(fld 1 wv DAPI - DAPI),1412,cluster1,2.1252982580580123e-11,151.65016174316406
A - 1(fld 1 wv DAPI - DAPI),1413,cluster1,0.0124829826703924,142.9199981689453
A - 1(fld 1 wv DAPI - DAPI),1414,cluster1,1.1503173451953107e-05,193.1589813232422
A - 1(fld 1 wv DAPI - DAPI),1415,cluster1,0.0053354386859788,155.08511352539062
A - 1(fld 1 wv DAPI - DAPI),1416,cluster1,6.394749375939122e-13,158.7722625732422
A - 1(fld 1 wv DAPI - DAPI),1417,cluster1,1.7547326936217963e-05,123.0999984741211
A - 1(fld 1 wv DAPI - DAPI),1418,cluster1,7.114575005393226e-05,178.3389892578125
A - 1(fld 1 wv DAPI - DAPI),1419,cluster1,0.0258968300037271,186.7733154296875
A - 1(fld 1 wv DAPI - DAPI),1420,cluster1,0.0006286214970983,137.140380859375
A - 1(fld 1 wv DAPI - DAPI),1421,cluster1,0.0028341829993459,145.0641632080078
A - 1(fld 1 wv DAPI - DAPI),1422,cluster1,8.735838866031606e-05,157.93505859375
A - 1(fld 1 wv DAPI - DAPI),1423,cluster1,0.0045271064706575,146.310302734375
A - 1(fld 1 wv DAPI - DAPI),1424,cluster1,0.0010527254223489,164.07955932617188
A - 1(fld 1 wv DAPI - DAPI),1425,cluster1,0.0893323785744131,203.8914794921875
A - 1(fld 1 wv DAPI - DAPI),1426,cluster1,2.3594919424370065e-07,182.92144775390625
A - 1(fld 1 wv DAPI - DAPI),1428,cluster1,0.0290434489993838,156.40316772460938
A - 1(fld 1 wv DAPI - DAPI),1429,cluster1,7.287521356593475e-06,150.3949737548828
A - 1(fld 1 wv DAPI - DAPI),1430,cluster1,2.7086949594188328e-05,189.5333404541016
A - 1(fld 1 wv DAPI - DAPI),1431,cluster2,0.915287043694751,203.6150054931641
A - 1(fld 1 wv DAPI - DAPI),1432,cluster1,0.0084115059757905,190.06353759765625
A - 1(fld 1 wv DAPI - DAPI),1434,cluster1,0.0481332466876344,162.17405700683594
A - 1(fld 1 wv DAPI - DAPI),1435,cluster1,9.990024132783893e-07,161.4056396484375
A - 1(fld 1 wv DAPI - DAPI),1436,cluster1,0.0059674229473789,189.73190307617188
A - 1(fld 1 wv DAPI - DAPI),1437,cluster1,4.756915842560856e-05,169.51063537597656
A - 1(fld 1 wv DAPI - DAPI),1438,cluster1,0.0043028191268423,176.84310913085938
A - 1(fld 1 wv DAPI - DAPI),1439,cluster1,0.0013377852682852,193.11846923828125
A - 1(fld 1 wv DAPI - DAPI),1440,cluster1,0.0436604798154138,209.82516479492188
A - 1(fld 1 wv DAPI - DAPI),1442,cluster1,9.314469604812284e-16,162.89772033691406
A - 1(fld 1 wv DAPI - DAPI),1444,cluster1,0.0369444787112997,150.98387145996094
A - 1(fld 1 wv DAPI - DAPI),1445,cluster1,0.000449974260613,165.37783813476562
A - 1(fld 1 wv DAPI - DAPI),1446,cluster1,0.0044414825145982,205.22222900390625
A - 1(fld 1 wv DAPI - DAPI),1447,cluster1,6.64214747083201e-05,196.3765869140625
A - 1(fld 1 wv DAPI - DAPI),1448,cluster1,1.4680880464115644e-06,186.36631774902344
A - 1(fld 1 wv DAPI - DAPI),1449,cluster1,0.0009887986337477,145.79173278808594
A - 1(fld 1 wv DAPI - DAPI),1450,cluster1,0.0273225395913606,152.6331329345703
A - 1(fld 1 wv DAPI - DAPI),1451,cluster1,0.0001823934306754,200.15921020507807
A - 1(fld 1 wv DAPI - DAPI),1452,cluster1,0.001729493211319,144.82916259765625
A - 1(fld 1 wv DAPI - DAPI),1453,cluster1,0.0012396369627375,173.80625915527344
A - 1(fld 1 wv DAPI - DAPI),1454,cluster1,0.0044471434298468,156.67320251464844
A - 1(fld 1 wv DAPI - DAPI),1455,cluster1,0.007882854796335,168.09457397460938
A - 1(fld 1 wv DAPI - DAPI),1456,cluster2,0.9997148926145778,183.3983612060547
A - 1(fld 1 wv DAPI - DAPI),1457,cluster1,4.822727283172475e-11,144.0874786376953
A - 1(fld 1 wv DAPI - DAPI),1458,cluster1,8.979574794108173e-07,126.10144805908205
A - 1(fld 1 wv DAPI - DAPI),1459,cluster1,2.0665914090158204e-05,183.1493682861328
A - 1(fld 1 wv DAPI - DAPI),1460,cluster1,0.005186648699831,159.06349182128906
A - 1(fld 1 wv DAPI - DAPI),1461,cluster1,0.019467554869515,179.8759307861328
A - 1(fld 1 wv DAPI - DAPI),1462,cluster1,0.0058624601298125,152.12481689453125
A - 1(fld 1 wv DAPI - DAPI),1463,cluster1,0.0005403904867373,158.8709716796875
A - 1(fld 1 wv DAPI - DAPI),1464,cluster1,0.0119199927498988,166.61175537109375
A - 1(fld 1 wv DAPI - DAPI),1465,cluster1,0.0132128497942783,160.66624450683594
A - 1(fld 1 wv DAPI - DAPI),1466,cluster1,0.0001536922713378,172.39834594726562
A - 1(fld 1 wv DAPI - DAPI),1467,cluster1,2.079307427289966e-05,176.31735229492188
A - 1(fld 1 wv DAPI - DAPI),1468,cluster1,7.814464844715811e-09,118.015625
A - 1(fld 1 wv DAPI - DAPI),1469,cluster1,4.159531564921359e-05,158.33384704589844
A - 1(fld 1 wv DAPI - DAPI),1470,cluster1,0.0007468534976442,169.02609252929688
A - 1(fld 1 wv DAPI - DAPI),1471,cluster1,0.0016095869782563,173.03811645507812
A - 1(fld 1 wv DAPI - DAPI),1472,cluster2,0.9378717936941992,241.4857788085937
A - 1(fld 1 wv DAPI - DAPI),1473,cluster1,0.001821930551434,156.11920166015625
A - 1(fld 1 wv DAPI - DAPI),1474,cluster1,3.84520473469917e-06,153.8611602783203
A - 1(fld 1 wv DAPI - DAPI),1475,cluster1,0.0441410331439798,198.79014587402344
A - 1(fld 1 wv DAPI - DAPI),1476,cluster1,0.0021463160055293,153.25352478027344
A - 1(fld 1 wv DAPI - DAPI),1477,cluster1,0.0005437232112509,127.63253021240234
A - 1(fld 1 wv DAPI - DAPI),1478,cluster1,0.00041520677236,192.9400787353516
A - 1(fld 1 wv DAPI - DAPI),1479,cluster1,0.0238477746677975,186.79383850097656
A - 1(fld 1 wv DAPI - DAPI),1480,cluster1,1.3502492228410014e-12,150.1941375732422
A - 1(fld 1 wv DAPI - DAPI),1481,cluster1,0.0234873038441375,145.6884765625
A - 1(fld 1 wv DAPI - DAPI),1482,cluster1,0.0012974685712076,118.05882263183594
A - 1(fld 1 wv DAPI - DAPI),1483,cluster1,0.0002824822927358,173.3441619873047
A - 1(fld 1 wv DAPI - DAPI),1484,cluster1,0.0001350654850459,138.10000610351562
A - 1(fld 1 wv DAPI - DAPI),1485,cluster1,0.0067587120379953,180.33004760742188
A - 1(fld 1 wv DAPI - DAPI),1486,uncertain,0.5348987363730292,141.5966033935547
A - 1(fld 1 wv DAPI - DAPI),1487,cluster1,0.001395512852686,128.9738311767578
A - 1(fld 1 wv DAPI - DAPI),1488,cluster1,0.0002843556140293,163.11917114257812
A - 1(fld 1 wv DAPI - DAPI),1489,cluster1,9.50832905104121e-05,173.5657196044922
A - 1(fld 1 wv DAPI - DAPI),1490,cluster1,0.0005082696028215,156.3797149658203
A - 1(fld 1 wv DAPI - DAPI),1491,cluster1,0.0081960281185513,128.3396759033203
A - 1(fld 1 wv DAPI - DAPI),1492,cluster1,0.0185733268722875,146.6613311767578
A - 1(fld 1 wv DAPI - DAPI),1493,cluster1,0.0004126143104985,158.09645080566406
A - 1(fld 1 wv DAPI - DAPI),1494,cluster1,0.0005164844323765,139.11822509765625
A - 1(fld 1 wv DAPI - DAPI),1495,cluster1,0.0227434097836021,161.558349609375
A - 1(fld 1 wv DAPI - DAPI),1496,cluster1,0.0001337651298615,171.27392578125
A - 1(fld 1 wv DAPI - DAPI),1497,cluster1,0.0006860334535159,135.74041748046875
A - 1(fld 1 wv DAPI - DAPI),1498,cluster1,5.574963964698097e-05,121.30644989013672
A - 1(fld 1 wv DAPI - DAPI),1499,cluster1,2.16487180537101e-07,158.6532440185547
A - 1(fld 1 wv DAPI - DAPI),1500,cluster1,0.0012612655071296,157.91424560546875
A - 1(fld 1 wv DAPI - DAPI),1501,cluster1,0.0002921581441991,155.5144500732422
A - 1(fld 1 wv DAPI - DAPI),1502,cluster1,9.387235072280426e-05,189.2508544921875
A - 1(fld 1 wv DAPI - DAPI),1503,cluster1,0.0119472001886527,146.81723022460938
A - 1(fld 1 wv DAPI - DAPI),1504,cluster1,0.0001786266135536,160.8506622314453
A - 1(fld 1 wv DAPI - DAPI),1505,cluster1,2.149450120713105e-06,158.09103393554688
A - 1(fld 1 wv DAPI - DAPI),1506,cluster1,0.0013238460284304,138.84039306640625
A - 1(fld 1 wv DAPI - DAPI),1507,cluster1,0.0001871455384712,165.97775268554688
A - 1(fld 1 wv DAPI - DAPI),1508,cluster1,0.000270757796068,188.767822265625
A - 1(fld 1 wv DAPI - DAPI),1509,cluster1,0.0003836396691682,158.25360107421875
A - 1(fld 1 wv DAPI - DAPI),1510,cluster1,0.002789854822768,150.7967987060547
A - 1(fld 1 wv DAPI - DAPI),1511,cluster1,2.8816122377641583e-05,165.87905883789062
A - 1(fld 1 wv DAPI - DAPI),1512,cluster1,0.0079911826021147,190.5785217285156
A - 1(fld 1 wv DAPI - DAPI),1513,cluster1,0.0047786996275403,174.6208953857422
A - 1(fld 1 wv DAPI - DAPI),1514,cluster1,0.0126686097479881,149.4005584716797
A - 1(fld 1 wv DAPI - DAPI),1515,cluster1,0.005194114214503,159.58648681640625
A - 1(fld 1 wv DAPI - DAPI),1516,cluster1,0.0006536522423109,165.4231414794922
A - 1(fld 1 wv DAPI - DAPI),1517,cluster2,0.8430627573556256,192.8759765625
A - 1(fld 1 wv DAPI - DAPI),1518,cluster1,0.0081868466206851,168.53533935546875
A - 1(fld 1 wv DAPI - DAPI),1519,cluster1,0.0040928919980725,194.59063720703125
A - 1(fld 1 wv DAPI - DAPI),1520,cluster1,0.014332662857286,121.19230651855467
A - 1(fld 1 wv DAPI - DAPI),1521,cluster1,0.0016201427794166,163.38397216796875
A - 1(fld 1 wv DAPI - DAPI),1522,cluster1,0.0003790183059658,165.62246704101562
A - 1(fld 1 wv DAPI - DAPI),1523,cluster1,0.000431306854435,172.80104064941406
A - 1(fld 1 wv DAPI - DAPI),1524,cluster1,0.001626440093857,152.55426025390625
A - 1(fld 1 wv DAPI - DAPI),1525,cluster1,0.0073650429838584,152.26712036132812
A - 1(fld 1 wv DAPI - DAPI),1526,uncertain,0.79172802121369,186.0629425048828
A - 1(fld 1 wv DAPI - DAPI),1527,cluster1,0.0008314365332784,174.970947265625
A - 1(fld 1 wv DAPI - DAPI),1528,cluster1,0.0007526276297028,144.28677368164062
A - 1(fld 1 wv DAPI - DAPI),1529,cluster1,0.0003508473114911,157.43826293945312
A - 1(fld 1 wv DAPI - DAPI),1530,cluster1,0.0840388669661114,193.16229248046875
A - 1(fld 1 wv DAPI - DAPI),1531,cluster1,0.0017446465324697,161.069091796875
A - 1(fld 1 wv DAPI - DAPI),1532,cluster1,4.599619287378666e-09,150.9664306640625
A - 1(fld 1 wv DAPI - DAPI),1533,cluster1,0.0108533058118269,191.80230712890625
A - 1(fld 1 wv DAPI - DAPI),1534,cluster1,0.0213172823304013,135.65769958496094
A - 1(fld 1 wv DAPI - DAPI),1535,cluster1,3.680957995857332e-05,190.8063201904297
A - 1(fld 1 wv DAPI - DAPI),1536,cluster1,0.0112017254047755,145.48696899414062
A - 1(fld 1 wv DAPI - DAPI),1537,cluster1,0.0044631899882901,142.7063751220703
A - 1(fld 1 wv DAPI - DAPI),1538,cluster1,0.0002216438807234,167.7073211669922
A - 1(fld 1 wv DAPI - DAPI),1539,cluster1,0.0002922499266242,158.68307495117188
A - 1(fld 1 wv DAPI - DAPI),1540,cluster1,0.0233162590534185,171.05404663085938
A - 1(fld 1 wv DAPI - DAPI),1541,cluster1,0.0034727172182077,146.75257873535156
A - 1(fld 1 wv DAPI - DAPI),1542,cluster1,7.656792393627307e-13,152.85533142089844
A - 1(fld 1 wv DAPI - DAPI),1543,cluster1,0.0108417539059713,139.3782196044922
A - 1(fld 1 wv DAPI - DAPI),1544,cluster1,3.232022871493402e-05,140.31332397460938
A - 1(fld 1 wv DAPI - DAPI),1545,cluster1,3.770749294558048e-05,161.43515014648438
A - 1(fld 1 wv DAPI - DAPI),1546,cluster1,0.0005069485830397,157.5614471435547
A - 1(fld 1 wv DAPI - DAPI),1547,cluster1,0.0003951043695667,145.37037658691406
A - 1(fld 1 wv DAPI - DAPI),1548,cluster1,0.0026299780461833,155.80564880371094
A - 1(fld 1 wv DAPI - DAPI),1549,cluster1,0.0002348963248109,166.65992736816406
A - 1(fld 1 wv DAPI - DAPI),1550,cluster1,0.0041301339132151,159.62698364257812
A - 1(fld 1 wv DAPI - DAPI),1551,cluster1,1.5899159399127899e-09,156.11776733398438
A - 1(fld 1 wv DAPI - DAPI),1552,cluster1,0.0101422185981773,147.57040405273438
A - 1(fld 1 wv DAPI - DAPI),1553,cluster1,0.0559503455335389,146.34645080566406
A - 1(fld 1 wv DAPI - DAPI),1554,cluster1,0.0005978114320242,177.94883728027344
A - 1(fld 1 wv DAPI - DAPI),1555,cluster1,3.327223737115574e-05,186.8344116210937
A - 1(fld 1 wv DAPI - DAPI),1556,cluster1,0.0048669618517842,150.8708038330078
A - 1(fld 1 wv DAPI - DAPI),1557,cluster1,0.000429117382137,161.83123779296875
A - 1(fld 1 wv DAPI - DAPI),1558,cluster1,7.798042390234207e-06,151.66883850097656
A - 1(fld 1 wv DAPI - DAPI),1559,cluster1,0.0171989749996324,144.63729858398438
A - 1(fld 1 wv DAPI - DAPI),1560,cluster1,0.0002004712728651,126.6144561767578
A - 1(fld 1 wv DAPI - DAPI),1561,cluster1,0.0002003150807117,170.172607421875
A - 1(fld 1 wv DAPI - DAPI),1562,cluster1,0.0111926670189321,212.0374298095703
A - 1(fld 1 wv DAPI - DAPI),1563,cluster1,0.0063674613052958,143.0372772216797
A - 1(fld 1 wv DAPI - DAPI),1564,cluster1,0.0004254401719435,153.2196044921875
A - 1(fld 1 wv DAPI - DAPI),1565,cluster1,0.0002237921273224,180.0323028564453
A - 1(fld 1 wv DAPI - DAPI),1566,cluster1,0.0073243099323626,153.80189514160156
A - 1(fld 1 wv DAPI - DAPI),1567,cluster2,0.9990367996007484,174.21998596191406
A - 1(fld 1 wv DAPI - DAPI),1569,cluster1,0.0029366378507353,144.88827514648438
A - 1(fld 1 wv DAPI - DAPI),1570,cluster1,0.0015714567893996,177.47999572753906
A - 1(fld 1 wv DAPI - DAPI),1571,cluster1,0.0753882786386858,165.13577270507812
A - 1(fld 1 wv DAPI - DAPI),1572,cluster1,5.423147620103348e-05,195.99888610839844
A - 1(fld 1 wv DAPI - DAPI),1573,cluster1,0.0009252762716426,136.0194549560547
A - 1(fld 1 wv DAPI - DAPI),1574,cluster1,0.1654626117053614,190.34230041503903
A - 1(fld 1 wv DAPI - DAPI),1575,cluster1,0.0065488580281666,153.2466583251953
A - 1(fld 1 wv DAPI - DAPI),1576,cluster1,0.0007220881463416,155.44937133789062
A - 1(fld 1 wv DAPI - DAPI),1577,cluster1,1.2948117180243917e-08,168.82191467285156
A - 1(fld 1 wv DAPI - DAPI),1578,cluster1,0.016481219467372,145.1714324951172
A - 1(fld 1 wv DAPI - DAPI),1579,cluster1,0.0297954183851528,196.85855102539065
A - 1(fld 1 wv DAPI - DAPI),1580,cluster1,2.0939651482760743e-08,152.3791961669922
A - 1(fld 1 wv DAPI - DAPI),1581,cluster1,0.0002918358652375,172.03207397460938
A - 1(fld 1 wv DAPI - DAPI),1582,cluster1,0.1840725619785664,148.78329467773438
A - 1(fld 1 wv DAPI - DAPI),1583,cluster1,7.316200078674895e-06,117.52941131591795
A - 1(fld 1 wv DAPI - DAPI),1584,cluster1,0.0035851872561593,159.51153564453125
A - 1(fld 1 wv DAPI - DAPI),1585,cluster1,0.0091490386709418,175.3563232421875
A - 1(fld 1 wv DAPI - DAPI),1586,cluster1,0.2895837921411451,148.19480895996094
A - 1(fld 1 wv DAPI - DAPI),1587,cluster1,0.0039033304045708,120.12605285644533
A - 1(fld 1 wv DAPI - DAPI),1588,cluster1,0.2336092923717727,143.49940490722656
A - 1(fld 1 wv DAPI - DAPI),1589,cluster1,1.727076080880666e-08,152.3505096435547
A - 1(fld 1 wv DAPI - DAPI),1590,cluster1,0.0373140652171842,163.18556213378906
A - 1(fld 1 wv DAPI - DAPI),1591,cluster1,2.347762340376496e-09,176.25440979003906
A - 1(fld 1 wv DAPI - DAPI),1592,cluster1,0.0011935137214841,184.91851806640625
A - 1(fld 1 wv DAPI - DAPI),1593,cluster1,2.917614262813155e-06,182.0135955810547
A - 1(fld 1 wv DAPI - DAPI),1594,cluster1,0.0173401143451501,138.944091796875
A - 1(fld 1 wv DAPI - DAPI),1595,cluster1,0.0004861414488319,149.14866638183594
A - 1(fld 1 wv DAPI - DAPI),1596,cluster1,4.222154582358438e-21,149.8128662109375
A - 1(fld 1 wv DAPI - DAPI),1597,cluster1,0.0452763078918161,146.8994903564453
A - 1(fld 1 wv DAPI - DAPI),1598,cluster1,0.0062015391963299,186.76071166992188
A - 1(fld 1 wv DAPI - DAPI),1599,cluster1,1.080994368759646e-15,122.67105102539062
A - 1(fld 1 wv DAPI - DAPI),1600,cluster1,9.43401114950719e-05,179.5587158203125
A - 1(fld 1 wv DAPI - DAPI),1601,cluster1,0.0002271215654911,150.2433624267578
A - 1(fld 1 wv DAPI - DAPI),1602,uncertain,0.5009275617859971,185.74581909179688
A - 1(fld 1 wv DAPI - DAPI),1603,cluster1,0.0006598755933914,155.6769561767578
A - 1(fld 1 wv DAPI - DAPI),1604,cluster1,0.0017090280995436,140.8771514892578
A - 1(fld 1 wv DAPI - DAPI),1605,cluster1,0.0141308806895727,201.21554565429688
A - 1(fld 1 wv DAPI - DAPI),1606,cluster1,0.0095948623530325,166.93455505371094
A - 1(fld 1 wv DAPI - DAPI),1607,cluster1,0.0045915663018673,159.2265625
A - 1(fld 1 wv DAPI - DAPI),1608,uncertain,0.5973962103489737,141.5
A - 1(fld 1 wv DAPI - DAPI),1609,cluster1,0.0068057320738265,151.58938598632812
A - 1(fld 1 wv DAPI - DAPI),1610,cluster1,0.0005107096023751,153.31790161132812
A - 1(fld 1 wv DAPI - DAPI),1611,cluster1,9.269988825225618e-09,133.08511352539062
A - 1(fld 1 wv DAPI - DAPI),1612,cluster1,0.0018024624941745,196.70529174804688
A - 1(fld 1 wv DAPI - DAPI),1613,cluster1,0.103727194021661,151.45228576660156
A - 1(fld 1 wv DAPI - DAPI),1614,cluster1,0.0001714496290971,168.51382446289062
A - 1(fld 1 wv DAPI - DAPI),1615,cluster1,0.085742768816526,123.6212158203125
A - 1(fld 1 wv DAPI - DAPI),1616,cluster1,2.436104526612461e-09,159.00489807128906
A - 1(fld 1 wv DAPI - DAPI),1617,cluster1,2.9235385974460825e-05,159.45823669433594
A - 1(fld 1 wv DAPI - DAPI),1618,cluster1,0.00179732538104,171.4215545654297
A - 1(fld 1 wv DAPI - DAPI),1619,cluster2,0.9997556904731316,189.3641815185547
A - 1(fld 1 wv DAPI - DAPI),1620,cluster1,0.0106159493427562,154.4271697998047
A - 1(fld 1 wv DAPI - DAPI),1622,cluster1,3.6732550330452665e-07,173.76324462890625
A - 1(fld 1 wv DAPI - DAPI),1623,cluster1,0.0018449455601979,168.6855926513672
A - 1(fld 1 wv DAPI - DAPI),1624,cluster1,0.0038990320578553,197.1073608398437
A - 1(fld 1 wv DAPI - DAPI),1625,cluster1,0.00074993626963,157.81593322753906
A - 1(fld 1 wv DAPI - DAPI),1626,cluster1,0.0004840593708442,180.43592834472656
A - 1(fld 1 wv DAPI - DAPI),1627,cluster1,0.1071319831699188,156.14810180664062
A - 1(fld 1 wv DAPI - DAPI),1628,cluster1,2.6191636116227316e-10,181.146224975586
A - 1(fld 1 wv DAPI - DAPI),1630,cluster1,7.988891955494203e-06,179.46925354003906
A - 1(fld 1 wv DAPI - DAPI),1631,cluster1,4.330901511999224e-12,178.0907440185547
A - 1(fld 1 wv DAPI - DAPI),1632,cluster1,6.054322757085408e-05,186.08132934570312
A - 1(fld 1 wv DAPI - DAPI),1633,cluster1,0.2283068193788237,142.06906127929688
A - 1(fld 1 wv DAPI - DAPI),1634,cluster1,4.220728996259621e-07,119.59722137451172
A - 1(fld 1 wv DAPI - DAPI),1635,cluster1,0.0001757728407372,157.8918914794922
A - 1(fld 1 wv DAPI - DAPI),1636,cluster1,0.0003553235274625,168.5919189453125
A - 1(fld 1 wv DAPI - DAPI),1637,uncertain,0.666009457183167,175.77052307128906
A - 1(fld 1 wv DAPI - DAPI),1638,cluster1,0.000234594875104,135.76022338867188
A - 1(fld 1 wv DAPI - DAPI),1639,cluster1,0.101868354858933,147.9573516845703
A - 1(fld 1 wv DAPI - DAPI),1640,cluster1,2.106491337153223e-05,149.9055938720703
A - 1(fld 1 wv DAPI - DAPI),1641,cluster1,0.1196477714877426,184.1903076171875
A - 1(fld 1 wv DAPI - DAPI),1642,cluster1,0.0005999225232388,135.70338439941406
A - 1(fld 1 wv DAPI - DAPI),1643,cluster1,0.0007326335600767,155.56614685058594
A - 1(fld 1 wv DAPI - DAPI),1644,cluster1,1.1465739614106172e-05,121.23529052734376
A - 1(fld 1 wv DAPI - DAPI),1645,cluster1,0.0068956182985225,139.31741333007812
A - 1(fld 1 wv DAPI - DAPI),1647,uncertain,0.7653099942677704,142.5430145263672
A - 1(fld 1 wv DAPI - DAPI),1648,cluster1,1.473100773607712e-07,156.46041870117188
A - 1(fld 1 wv DAPI - DAPI),1649,cluster1,0.2119420371436245,193.580810546875
A - 1(fld 1 wv DAPI - DAPI),1650,cluster1,0.0002551544246799,166.3663330078125
A - 1(fld 1 wv DAPI - DAPI),1651,cluster1,0.042045003571444,216.94293212890625
A - 1(fld 1 wv DAPI - DAPI),1652,cluster1,8.751937832996791e-05,166.3878631591797
A - 1(fld 1 wv DAPI - DAPI),1653,cluster1,0.0710994261537519,146.74574279785156
A - 1(fld 1 wv DAPI - DAPI),1654,cluster1,0.000110757504025,158.0762939453125
A - 1(fld 1 wv DAPI - DAPI),1655,cluster1,0.0051824692838915,149.5960693359375
A - 1(fld 1 wv DAPI - DAPI),1656,cluster2,0.8923031359273075,139.419677734375
A - 1(fld 1 wv DAPI - DAPI),1657,cluster1,0.0017153123273077,189.07131958007807
A - 1(fld 1 wv DAPI - DAPI),1658,cluster1,0.0245890869517774,158.39547729492188
A - 1(fld 1 wv DAPI - DAPI),1659,cluster1,0.0003745407405138,151.57070922851562
A - 1(fld 1 wv DAPI - DAPI),1660,cluster1,1.7014846074551135e-05,171.94760131835938
A - 1(fld 1 wv DAPI - DAPI),1661,cluster1,0.0002430061474986,172.69186401367188
A - 1(fld 1 wv DAPI - DAPI),1662,cluster1,0.0057174899675543,150.04275512695312
A - 1(fld 1 wv DAPI - DAPI),1663,uncertain,0.6867008872841154,144.6419219970703
A - 1(fld 1 wv DAPI - DAPI),1664,cluster1,0.0001981719717341,156.61570739746094
A - 1(fld 1 wv DAPI - DAPI),1665,cluster1,0.0309722013181038,142.10379028320312
A - 1(fld 1 wv DAPI - DAPI),1666,cluster1,0.0064686561463168,155.6159210205078
A - 1(fld 1 wv DAPI - DAPI),1667,cluster1,0.0014690920129228,172.02044677734375
A - 1(fld 1 wv DAPI - DAPI),1668,cluster1,0.0213487687311224,148.27127075195312
A - 1(fld 1 wv DAPI - DAPI),1669,cluster1,3.264621429580879e-05,173.80239868164062
A - 1(fld 1 wv DAPI - DAPI),1670,cluster1,8.616821778215269e-06,144.3920135498047
A - 1(fld 1 wv DAPI - DAPI),1671,cluster1,3.0809349823426003e-06,165.60301208496094
A - 1(fld 1 wv DAPI - DAPI),1672,cluster1,0.0245572933200822,152.5577850341797
A - 1(fld 1 wv DAPI - DAPI),1673,cluster1,0.0002373423780008,162.6746063232422
A - 1(fld 1 wv DAPI - DAPI),1674,cluster1,0.0008686878195864,146.6761474609375
A - 1(fld 1 wv DAPI - DAPI),1675,cluster1,0.010092693067257,145.51846313476562
A - 1(fld 1 wv DAPI - DAPI),1676,cluster1,0.001986749475497,155.9171600341797
A - 1(fld 1 wv DAPI - DAPI),1677,cluster1,0.0003478479095466,175.57830810546875
A - 1(fld 1 wv DAPI - DAPI),1678,cluster1,0.0023124697301205,156.8834228515625
A - 1(fld 1 wv DAPI - DAPI),1679,cluster1,0.0007351686598253,165.8086395263672
A - 1(fld 1 wv DAPI - DAPI),1680,cluster1,1.0777054096314576e-05,191.0582275390625
A - 1(fld 1 wv DAPI - DAPI),1681,cluster1,0.0226776312657158,186.3853302001953
A - 1(fld 1 wv DAPI - DAPI),1682,cluster1,0.0054864864979521,141.2148895263672
A - 1(fld 1 wv DAPI - DAPI),1683,cluster1,0.0005494624320587,180.4989013671875
A - 1(fld 1 wv DAPI - DAPI),1684,cluster1,0.0460136754308696,195.1901397705078
A - 1(fld 1 wv DAPI - DAPI),1685,cluster1,0.12303059203037,210.375
A - 1(fld 1 wv DAPI - DAPI),1686,cluster1,0.0177401523820379,156.23287963867188
A - 1(fld 1 wv DAPI - DAPI),1687,cluster1,0.0037093640403044,152.80514526367188
A - 1(fld 1 wv DAPI - DAPI),1688,cluster2,0.9999980778367288,168.26931762695312
A - 1(fld 1 wv DAPI - DAPI),1689,cluster1,0.0001277810415607,158.9414825439453
A - 1(fld 1 wv DAPI - DAPI),1690,cluster2,0.883505062872769,114.84091186523438
A - 1(fld 1 wv DAPI - DAPI),1691,cluster1,0.032676506499221,140.82394409179688
A - 1(fld 1 wv DAPI - DAPI),1692,cluster1,5.045143422616685e-05,165.88478088378906
A - 1(fld 1 wv DAPI - DAPI),1693,cluster1,0.0013975631786712,148.89743041992188
A - 1(fld 1 wv DAPI - DAPI),1694,cluster1,0.0014923868893905,173.3426055908203
A - 1(fld 1 wv DAPI - DAPI),1695,cluster1,0.0374959618477876,134.8697052001953
A - 1(fld 1 wv DAPI - DAPI),1696,cluster1,0.001703751436246,143.86788940429688
A - 1(fld 1 wv DAPI - DAPI),1697,cluster1,0.0001925577959961,175.01063537597656
A - 1(fld 1 wv DAPI - DAPI),1698,cluster1,0.0077619005797181,144.51010131835938
A - 1(fld 1 wv DAPI - DAPI),1699,cluster1,0.0008852747285066,163.01971435546875
A - 1(fld 1 wv DAPI - DAPI),1700,cluster1,0.0131975849353424,190.02398681640625
A - 1(fld 1 wv DAPI - DAPI),1701,cluster1,0.0226479491536098,129.54611206054688
A - 1(fld 1 wv DAPI - DAPI),1702,cluster1,0.3466453695535672,141.0875244140625
A - 1(fld 1 wv DAPI - DAPI),1703,cluster1,7.588984465155735e-05,183.00865173339844
A - 1(fld 1 wv DAPI - DAPI),1704,cluster1,0.0047447064231125,173.91848754882812
A - 1(fld 1 wv DAPI - DAPI),1705,cluster1,0.0001091933987152,164.11700439453125
A - 1(fld 1 wv DAPI - DAPI),1706,cluster2,0.8442695731353955,140.57627868652344
A - 1(fld 1 wv DAPI - DAPI),1707,cluster1,0.0017319758923938,150.3605499267578
A - 1(fld 1 wv DAPI - DAPI),1708,cluster1,0.0001056002794253,169.4329833984375
A - 1(fld 1 wv DAPI - DAPI),1709,cluster1,0.0006129171227412,160.1897430419922
A - 1(fld 1 wv DAPI - DAPI),1710,cluster1,0.0139131277499943,185.69683837890625
A - 1(fld 1 wv DAPI - DAPI),1711,cluster1,2.52216546448937e-05,156.00143432617188
A - 1(fld 1 wv DAPI - DAPI),1712,cluster1,4.807029869366968e-05,157.00384521484375
A - 1(fld 1 wv DAPI - DAPI),1713,cluster1,5.688122391531436e-06,143.6881866455078
A - 1(fld 1 wv DAPI - DAPI),1714,cluster1,0.0007474811389209,141.1208953857422
A - 1(fld 1 wv DAPI - DAPI),1715,cluster1,8.211559438554085e-05,151.20872497558594
A - 1(fld 1 wv DAPI - DAPI),1716,cluster1,6.310490616328994e-05,161.26043701171875
A - 1(fld 1 wv DAPI - DAPI),1717,cluster1,0.0077996998060792,176.97207641601562
A - 1(fld 1 wv DAPI - DAPI),1718,cluster1,0.0314336503349424,140.22857666015625
A - 1(fld 1 wv DAPI - DAPI),1719,cluster1,0.000121571130452,150.5431671142578
A - 1(fld 1 wv DAPI - DAPI),1720,cluster1,0.0001306441185577,159.585693359375
A - 1(fld 1 wv DAPI - DAPI),1721,cluster2,0.9958819649852396,191.9507751464844
A - 1(fld 1 wv DAPI - DAPI),1722,cluster1,0.0008629863319297,157.94015502929688
A - 1(fld 1 wv DAPI - DAPI),1723,cluster1,0.0020201366227537,146.1893768310547
A - 1(fld 1 wv DAPI - DAPI),1724,cluster1,0.0052787741310852,148.63893127441406
A - 1(fld 1 wv DAPI - DAPI),1725,cluster1,0.0021647927242811,192.54405212402344
A - 1(fld 1 wv DAPI - DAPI),1726,cluster1,0.010472748944635,180.80079650878903
A - 1(fld 1 wv DAPI - DAPI),1727,cluster1,0.2278565090718488,201.17637634277344
A - 1(fld 1 wv DAPI - DAPI),1728,cluster1,0.1472793924613449,141.48263549804688
A - 1(fld 1 wv DAPI - DAPI),1729,cluster1,0.0263444009755934,148.03219604492188
A - 1(fld 1 wv DAPI - DAPI),1730,cluster1,0.0432746934982259,197.55113220214844
A - 1(fld 1 wv DAPI - DAPI),1732,cluster1,0.0009197750575454,164.83412170410156
A - 1(fld 1 wv DAPI - DAPI),1733,cluster1,0.011164761766513,201.1112823486328
A - 1(fld 1 wv DAPI - DAPI),1734,cluster1,0.0115254317461648,158.89572143554688
A - 1(fld 1 wv DAPI - DAPI),1735,cluster1,0.0001400952011318,180.3459625244141
A - 1(fld 1 wv DAPI - DAPI),1737,cluster1,0.0004044870815756,140.759765625
A - 1(fld 1 wv DAPI - DAPI),1738,cluster1,0.000436482020159,129.33096313476562
A - 1(fld 1 wv DAPI - DAPI),1739,cluster1,0.0009083561381637,150.51039123535156
A - 1(fld 1 wv DAPI - DAPI),1740,cluster1,0.00095075471948,149.135009765625
A - 1(fld 1 wv DAPI - DAPI),1741,cluster1,0.1174264604583782,143.93218994140625
A - 1(fld 1 wv DAPI - DAPI),1742,cluster1,0.0021116055734861,164.6605987548828
A - 1(fld 1 wv DAPI - DAPI),1743,cluster1,2.686305282984794e-05,130.72390747070312
A - 1(fld 1 wv DAPI - DAPI),1744,cluster1,0.0003460541404344,168.697998046875
A - 1(fld 1 wv DAPI - DAPI),1745,cluster1,0.0016108108679777,178.3801727294922
A - 1(fld 1 wv DAPI - DAPI),1746,cluster2,0.9993565507790498,189.58770751953125
A - 1(fld 1 wv DAPI - DAPI),1747,cluster1,0.2881202747013875,131.83319091796875
A - 1(fld 1 wv DAPI - DAPI),1748,cluster1,0.0025980428579539,140.9810791015625
A - 1(fld 1 wv DAPI - DAPI),1749,cluster1,0.0020701158809166,131.28517150878906
A - 1(fld 1 wv DAPI - DAPI),1750,cluster1,0.0884827892229262,119.51388549804688
A - 1(fld 1 wv DAPI - DAPI),1751,cluster1,0.0170125233215657,130.59014892578125
A - 1(fld 1 wv DAPI - DAPI),1752,cluster1,0.0279273276949338,137.17701721191406
A - 1(fld 1 wv DAPI - DAPI),1753,cluster1,0.000211616164565,169.09864807128906
A - 1(fld 1 wv DAPI - DAPI),1754,cluster1,1.5597862814362983e-05,147.8385467529297
A - 1(fld 1 wv DAPI - DAPI),1755,cluster1,7.2418054479995e-05,113.6372528076172
A - 1(fld 1 wv DAPI - DAPI),1756,cluster1,0.008347792524153,166.7098388671875
A - 1(fld 1 wv DAPI - DAPI),1757,cluster1,0.0123466067530352,199.9507293701172
A - 1(fld 1 wv DAPI - DAPI),1759,cluster1,0.0189514488698981,159.4808349609375
A - 1(fld 1 wv DAPI - DAPI),1760,cluster1,0.0060926048015149,175.11734008789062
A - 1(fld 1 wv DAPI - DAPI),1761,cluster1,0.0103315604166767,180.10365295410156
A - 1(fld 1 wv DAPI - DAPI),1762,cluster1,0.0121465445153839,182.7872314453125
A - 1(fld 1 wv DAPI - DAPI),1763,uncertain,0.6121261297917224,189.05502319335932
A - 1(fld 1 wv DAPI - DAPI),1764,cluster1,0.0239703771644517,128.42160034179688
A - 1(fld 1 wv DAPI - DAPI),1765,cluster1,0.0046716198183188,185.64373779296875
A - 1(fld 1 wv DAPI - DAPI),1766,cluster1,0.0007484367845196,113.3768081665039
A - 1(fld 1 wv DAPI - DAPI),1767,cluster1,0.0006644369719805,176.0802459716797
A - 1(fld 1 wv DAPI - DAPI),1768,cluster1,0.0003479639240867,114.31169128417967
A - 1(fld 1 wv DAPI - DAPI),1769,cluster1,0.0012886408774525,153.5198211669922
A - 1(fld 1 wv DAPI - DAPI),1770,cluster1,0.0013014019929715,150.2235107421875
A - 1(fld 1 wv DAPI - DAPI),1771,cluster1,0.0503120014844018,135.42013549804688
A - 1(fld 1 wv DAPI - DAPI),1772,cluster1,0.0057394633100975,134.44017028808594
A - 1(fld 1 wv DAPI - DAPI),1773,cluster1,0.0029688233978643,155.6999969482422
A - 1(fld 1 wv DAPI - DAPI),1774,cluster1,0.0004282399785068,168.03953552246094
A - 1(fld 1 wv DAPI - DAPI),1775,cluster1,0.0033789723246859,142.62811279296875
A - 1(fld 1 wv DAPI - DAPI),1776,cluster1,0.0004801297329259,142.4465789794922
A - 1(fld 1 wv DAPI - DAPI),1777,cluster1,0.0046774192630038,147.877197265625
A - 1(fld 1 wv DAPI - DAPI),1778,cluster1,6.356859312175706e-05,168.1764678955078
A - 1(fld 1 wv DAPI - DAPI),1779,cluster1,0.0020990014561538,140.604248046875
A - 1(fld 1 wv DAPI - DAPI),1780,cluster1,0.002994011250132,154.2669677734375
A - 1(fld 1 wv DAPI - DAPI),1781,cluster1,0.0003344302392118,147.03831481933594
A - 1(fld 1 wv DAPI - DAPI),1782,cluster1,0.0056834466497867,183.8118438720703
A - 1(fld 1 wv DAPI - DAPI),1783,cluster1,0.2630851901208176,133.57748413085938
A - 1(fld 1 wv DAPI - DAPI),1784,cluster1,0.001495547201777,147.5710906982422
A - 1(fld 1 wv DAPI - DAPI),1785,cluster1,0.0006706045872387,169.62557983398438
A - 1(fld 1 wv DAPI - DAPI),1786,cluster1,0.0433444092877866,170.60643005371094
A - 1(fld 1 wv DAPI - DAPI),1787,cluster1,0.0005914726698773,149.5962677001953
A - 1(fld 1 wv DAPI - DAPI),1788,cluster1,0.0165399400353805,133.4547882080078
A - 1(fld 1 wv DAPI - DAPI),1789,uncertain,0.4174703051715719,139.19090270996094
A - 1(fld 1 wv DAPI - DAPI),1791,cluster1,0.0205655746488754,181.1707000732422
A - 1(fld 1 wv DAPI - DAPI),1792,cluster1,0.0015421500291312,154.79251098632812
A - 1(fld 1 wv DAPI - DAPI),1793,uncertain,0.5958960084428917,135.2141876220703
A - 1(fld 1 wv DAPI - DAPI),1794,cluster1,0.0040541843697862,166.5430145263672
A - 1(fld 1 wv DAPI - DAPI),1795,cluster1,0.0670460411405409,134.99615478515625
A - 1(fld 1 wv DAPI - DAPI),1796,cluster1,0.0449999141271985,155.99325561523438
A - 1(fld 1 wv DAPI - DAPI),1797,cluster1,0.2285031136804258,138.9450225830078
A - 1(fld 1 wv DAPI - DAPI),1798,cluster1,0.0069829400813311,148.43309020996094
A - 1(fld 1 wv DAPI - DAPI),1799,cluster1,0.0078647500067072,186.65597534179688
A - 1(fld 1 wv DAPI - DAPI),1800,uncertain,0.7901697975272267,178.2042236328125
A - 1(fld 1 wv DAPI - DAPI),1801,cluster1,0.0024162561393499,143.41465759277344
A - 1(fld 1 wv DAPI - DAPI),1802,cluster1,0.0013196530186279,148.22840881347656
A - 1(fld 1 wv DAPI - DAPI),1803,cluster1,0.0004596285120235,165.68182373046875
A - 1(fld 1 wv DAPI - DAPI),1804,cluster1,0.0011724928090028,165.16519165039062
A - 1(fld 1 wv DAPI - DAPI),1805,cluster1,0.0087982602781094,163.21815490722656
A - 1(fld 1 wv DAPI - DAPI),1806,cluster1,0.0005543683100354,156.0100860595703
A - 1(fld 1 wv DAPI - DAPI),1807,cluster1,0.0014494854689338,133.7105712890625
A - 1(fld 1 wv DAPI - DAPI),1808,cluster1,0.1060480113370381,154.15353393554688
A - 1(fld 1 wv DAPI - DAPI),1809,cluster1,0.0016354374528892,149.1301727294922
A - 1(fld 1 wv DAPI - DAPI),1810,cluster1,0.025177101291858,155.4757080078125
A - 1(fld 1 wv DAPI - DAPI),1811,cluster1,0.0060082112958158,162.58135986328125
A - 1(fld 1 wv DAPI - DAPI),1812,cluster1,0.003945633110435,193.2714385986328
A - 1(fld 1 wv DAPI - DAPI),1813,cluster1,0.0097016188107041,131.24606323242188
A - 1(fld 1 wv DAPI - DAPI),1814,cluster1,0.0074601424876371,171.01551818847656
A - 1(fld 1 wv DAPI - DAPI),1815,cluster1,0.0303895698934621,155.5225067138672
A - 1(fld 1 wv DAPI - DAPI),1816,cluster1,0.2454830895667827,131.663330078125
A - 1(fld 1 wv DAPI - DAPI),1817,cluster1,0.0017986301390525,185.342041015625
A - 1(fld 1 wv DAPI - DAPI),1818,cluster1,0.0734036449693244,129.14390563964844
A - 1(fld 1 wv DAPI - DAPI),1819,cluster1,0.0014568639758386,168.84060668945312
A - 1(fld 1 wv DAPI - DAPI),1820,cluster1,0.0214570167919282,153.8679656982422
A - 1(fld 1 wv DAPI - DAPI),1821,cluster1,0.0028073510597608,150.0385284423828
A - 1(fld 1 wv DAPI - DAPI),1822,cluster1,0.003558426315963,152.42706298828125
A - 1(fld 1 wv DAPI - DAPI),1823,cluster1,0.0083331599128003,142.63790893554688
A - 1(fld 1 wv DAPI - DAPI),1824,cluster1,0.0874078827710566,142.3657989501953
A - 1(fld 1 wv DAPI - DAPI),1825,cluster1,0.005856890386723,156.7940673828125
A - 1(fld 1 wv DAPI - DAPI),1826,cluster1,0.0015522897280398,142.84982299804688
A - 1(fld 1 wv DAPI - DAPI),1827,cluster1,0.0636085013432598,141.29925537109375
A - 1(fld 1 wv DAPI - DAPI),1828,cluster1,0.0025048559133516,179.9911651611328
A - 1(fld 1 wv DAPI - DAPI),1829,cluster1,0.1823736066209316,184.89727783203125
A - 1(fld 1 wv DAPI - DAPI),1830,cluster1,0.0182346566184993,137.58778381347656
A - 1(fld 1 wv DAPI - DAPI),1831,cluster1,0.0050262627874563,173.59266662597656
A - 1(fld 1 wv DAPI - DAPI),1832,uncertain,0.4317221400171803,131.8303985595703
A - 1(fld 1 wv DAPI - DAPI),1833,cluster1,0.0281486954147806,159.18698120117188
A - 1(fld 1 wv DAPI - DAPI),1834,cluster1,0.018304281756315,183.94664001464844
A - 1(fld 1 wv DAPI - DAPI),1835,cluster1,0.1848598513239937,132.250244140625
A - 1(fld 1 wv DAPI - DAPI),1836,cluster2,0.975264376815664,140.1755828857422
A - 1(fld 1 wv DAPI - DAPI),1837,cluster2,0.9908003635952308,179.68911743164062
A - 1(fld 1 wv DAPI - DAPI),1838,cluster1,0.0191056236137241,159.59637451171875
A - 1(fld 1 wv DAPI - DAPI),1840,cluster1,0.0308467660181833,150.38027954101562
A - 1(fld 1 wv DAPI - DAPI),1841,cluster1,0.0015517739471291,196.2198944091797
A - 1(fld 1 wv DAPI - DAPI),1842,cluster1,0.0042285812957551,148.90316772460938
A - 1(fld 1 wv DAPI - DAPI),1843,cluster1,0.0010685818711287,179.8899383544922
A - 1(fld 1 wv DAPI - DAPI),1844,cluster2,0.8125459409808713,131.06198120117188
A - 1(fld 1 wv DAPI - DAPI),1845,cluster2,0.9577623153748256,138.4297637939453
A - 1(fld 1 wv DAPI - DAPI),1846,cluster2,0.8433750600176194,126.46522521972656
A - 1(fld 1 wv DAPI - DAPI),1847,cluster1,0.0114657040140401,153.27548217773438
A - 1(fld 1 wv DAPI - DAPI),1848,cluster1,0.0577476040671575,138.22708129882812
A - 1(fld 1 wv DAPI - DAPI),1849,cluster1,0.0081665647304636,171.81280517578125
A - 1(fld 1 wv DAPI - DAPI),1850,cluster1,0.1910523845955496,175.3563690185547
A - 1(fld 1 wv DAPI - DAPI),1851,cluster1,0.0179635904300473,148.52374267578125
A - 1(fld 1 wv DAPI - DAPI),1852,cluster1,0.023820497486464,164.4334716796875
A - 1(fld 1 wv DAPI - DAPI),1853,cluster1,0.2572468214949698,132.5471954345703
A - 1(fld 1 wv DAPI - DAPI),1854,cluster1,0.0064108397136321,176.6850128173828
A - 1(fld 1 wv DAPI - DAPI),1856,uncertain,0.6836281305271203,134.05145263671875
A - 1(fld 1 wv DAPI - DAPI),1857,cluster1,0.0004180819070345,163.53097534179688
A - 1(fld 1 wv DAPI - DAPI),1858,cluster1,0.0025938337743269,167.27719116210938
A - 1(fld 1 wv DAPI - DAPI),1859,cluster1,0.0182155021672865,143.0719757080078
A - 1(fld 1 wv DAPI - DAPI),1860,cluster1,0.0711287207534184,140.73268127441406
A - 1(fld 1 wv DAPI - DAPI),1861,cluster1,0.2043085425719112,154.95176696777344
A - 1(fld 1 wv DAPI - DAPI),1862,cluster1,0.0114025529603581,150.4517364501953
A - 1(fld 1 wv DAPI - DAPI),1863,cluster1,0.0193724371035388,153.01905822753906
A - 1(fld 1 wv DAPI - DAPI),1864,cluster2,0.8682864382704639,137.4040069580078
A - 1(fld 1 wv DAPI - DAPI),1865,cluster1,0.0204779891307383,150.49002075195312
A - 1(fld 1 wv DAPI - DAPI),1866,cluster1,0.0053900251472259,172.55555725097656
A - 1(fld 1 wv DAPI - DAPI),1867,cluster2,0.9950508948716232,132.87841796875
A - 1(fld 1 wv DAPI - DAPI),1868,cluster1,0.0065039736469573,173.24122619628906
A - 1(fld 1 wv DAPI - DAPI),1869,cluster1,0.0077482386341504,179.27821350097656
A - 1(fld 1 wv DAPI - DAPI),1870,cluster1,0.0031184533915912,161.41351318359375
A - 1(fld 1 wv DAPI - DAPI),1871,cluster1,0.0046197563253711,186.1727752685547
A - 1(fld 1 wv DAPI - DAPI),1872,cluster1,0.0807366291673257,133.216796875
A - 1(fld 1 wv DAPI - DAPI),1873,cluster1,0.1424586663927057,127.02344512939452
A - 1(fld 1 wv DAPI - DAPI),1874,cluster1,0.3349631845682638,137.88308715820312
A - 1(fld 1 wv DAPI - DAPI),1875,cluster1,0.0338531752087395,214.4556579589844
A - 1(fld 1 wv DAPI - DAPI),1876,cluster1,0.3044324217708515,172.81187438964844
A - 1(fld 1 wv DAPI - DAPI),1878,cluster1,0.1167119230307176,127.87957763671876
A - 1(fld 1 wv DAPI - DAPI),1879,cluster1,0.148628207785793,144.97802734375
A - 1(fld 1 wv DAPI - DAPI),1880,cluster1,0.28592103048183,140.86521911621094
A - 1(fld 1 wv DAPI - DAPI),1881,cluster1,0.0040157300117943,161.9760284423828
A - 1(fld 1 wv DAPI - DAPI),1882,cluster1,0.0064018645386441,162.15194702148438
A - 1(fld 1 wv DAPI - DAPI),1883,cluster1,0.0424198812474373,140.83018493652344
A - 1(fld 1 wv DAPI - DAPI),1884,cluster1,0.0113919449211723,170.08665466308594
A - 1(fld 1 wv DAPI - DAPI),1885,cluster1,0.1268071447034372,135.26181030273438
A - 1(fld 1 wv DAPI - DAPI),1886,cluster1,0.0192733433233684,166.97882080078125
A - 1(fld 1 wv DAPI - DAPI),1887,cluster1,0.0054995783475334,144.21710205078125
A - 1(fld 1 wv DAPI - DAPI),1888,cluster1,0.0031365905685749,155.47381591796875
A - 1(fld 1 wv DAPI - DAPI),1889,cluster1,0.002993120261393,182.6261749267578
A - 1(fld 1 wv DAPI - DAPI),1890,cluster1,0.0022573408119192,154.169189453125
A - 1(fld 1 wv DAPI - DAPI),1891,cluster2,0.9411046109326516,129.81057739257812
A - 1(fld 1 wv DAPI - DAPI),1892,cluster1,0.0705952481574634,155.35101318359375
A - 1(fld 1 wv DAPI - DAPI),1893,cluster1,0.0166484971016782,174.51742553710938
A - 1(fld 1 wv DAPI - DAPI),1894,cluster1,6.159247545787653e-10,127.11262512207033
A - 1(fld 1 wv DAPI - DAPI),1895,cluster1,0.0004857691836915,168.12094116210938
A - 1(fld 1 wv DAPI - DAPI),1896,uncertain,0.3938682991771706,138.99542236328125
A - 1(fld 1 wv DAPI - DAPI),1897,cluster1,0.0023687491687024,180.3355865478516
A - 1(fld 1 wv DAPI - DAPI),1898,uncertain,0.3506511165334268,145.17567443847656
A - 1(fld 1 wv DAPI - DAPI),1899,uncertain,0.4083308708476294,132.96446228027344
A - 1(fld 1 wv DAPI - DAPI),1900,cluster1,0.0197483540878102,157.2225341796875
A - 1(fld 1 wv DAPI - DAPI),1901,cluster1,0.0488714332061844,133.90284729003906
A - 1(fld 1 wv DAPI - DAPI),1902,cluster1,0.0420879429404282,148.21621704101562
A - 1(fld 1 wv DAPI - DAPI),1904,cluster1,0.0199300863719009,185.31784057617188
A - 1(fld 1 wv DAPI - DAPI),1905,cluster1,0.006823007431759,162.6061553955078
A - 1(fld 1 wv DAPI - DAPI),1906,cluster1,0.0009690295007966,157.2337646484375
A - 1(fld 1 wv DAPI - DAPI),1907,cluster1,0.0014094522563929,175.87130737304688
A - 1(fld 1 wv DAPI - DAPI),1908,uncertain,0.5713904678375834,188.93463134765625
A - 1(fld 1 wv DAPI - DAPI),1909,cluster1,0.0748018005502901,152.26589965820312
A - 1(fld 1 wv DAPI - DAPI),1910,cluster1,0.175807185950991,124.66666412353516
A - 1(fld 1 wv DAPI - DAPI),1911,cluster1,0.1835066064766194,134.2508087158203
A - 1(fld 1 wv DAPI - DAPI),1912,cluster1,0.001969423287016,179.7783966064453
A - 1(fld 1 wv DAPI - DAPI),1913,cluster1,0.0303605531521443,145.30038452148438
A - 1(fld 1 wv DAPI - DAPI),1914,cluster1,0.0066546550955905,156.2317657470703
A - 1(fld 1 wv DAPI - DAPI),1915,cluster1,0.0092240365729812,122.631103515625
A - 1(fld 1 wv DAPI - DAPI),1916,cluster1,0.0201733827645291,141.16526794433594
A - 1(fld 1 wv DAPI - DAPI),1918,cluster2,0.8209432548165189,108.06896209716795
A - 1(fld 1 wv DAPI - DAPI),1919,cluster1,0.008767331298717,150.1141357421875
A - 1(fld 1 wv DAPI - DAPI),1920,cluster1,0.0006816872700158,135.34767150878906
A - 1(fld 1 wv DAPI - DAPI),1921,cluster2,0.8793076273734614,140.33706665039062
A - 1(fld 1 wv DAPI - DAPI),1922,cluster1,0.0005433660115466,161.3711395263672
A - 1(fld 1 wv DAPI - DAPI),1923,uncertain,0.7760309592324816,131.55157470703125
A - 1(fld 1 wv DAPI - DAPI),1924,cluster1,0.070544505136249,156.30335998535156
A - 1(fld 1 wv DAPI - DAPI),1925,cluster1,0.0003503848067723,170.89053344726562
A - 1(fld 1 wv DAPI - DAPI),1926,cluster1,0.0747709963749972,174.3882293701172
A - 1(fld 1 wv DAPI - DAPI),1927,cluster1,0.0037229092000276,140.48562622070312
A - 1(fld 1 wv DAPI - DAPI),1929,uncertain,0.4046036122482608,135.8955535888672
A - 1(fld 1 wv DAPI - DAPI),1930,cluster1,2.800368601263649e-06,166.49496459960938
A - 1(fld 1 wv DAPI - DAPI),1931,cluster1,0.0326907205885783,148.82887268066406
A - 1(fld 1 wv DAPI - DAPI),1932,cluster2,0.8360678128799319,145.20639038085938
A - 1(fld 1 wv DAPI - DAPI),1933,cluster1,0.0476639084932486,153.9103240966797
A - 1(fld 1 wv DAPI - DAPI),1934,cluster1,0.0005690318518567,142.661376953125
A - 1(fld 1 wv DAPI - DAPI),1936,cluster1,0.0003835116840564,163.57614135742188
A - 1(fld 1 wv DAPI - DAPI),1937,cluster1,0.1460048886250808,136.01332092285156
A - 1(fld 1 wv DAPI - DAPI),1938,cluster1,0.0005355677073756,175.78968811035156
A - 1(fld 1 wv DAPI - DAPI),1939,cluster1,0.0541238889849789,126.91310119628906
A - 1(fld 1 wv DAPI - DAPI),1940,cluster1,0.00856338197269,165.22491455078125
A - 1(fld 1 wv DAPI - DAPI),1941,cluster1,0.0039437676441431,127.96286010742188
A - 1(fld 1 wv DAPI - DAPI),1942,uncertain,0.6448267229527125,139.3022918701172
A - 1(fld 1 wv DAPI - DAPI),1943,cluster1,0.0008181411034143,177.1666717529297
A - 1(fld 1 wv DAPI - DAPI),1944,uncertain,0.6572548192140863,137.58358764648438
A - 1(fld 1 wv DAPI - DAPI),1945,cluster2,0.8367414878073725,136.33245849609375
A - 1(fld 1 wv DAPI - DAPI),1946,cluster1,0.0496792311622637,137.9373016357422
A - 1(fld 1 wv DAPI - DAPI),1947,cluster1,0.0266227415414467,191.3839874267578
A - 1(fld 1 wv DAPI - DAPI),1948,cluster1,0.1411177271830178,131.39999389648438
A - 1(fld 1 wv DAPI - DAPI),1949,cluster2,0.945490630072688,164.3810272216797
A - 1(fld 1 wv DAPI - DAPI),1950,cluster1,0.3166171500683752,128.8817901611328
A - 1(fld 1 wv DAPI - DAPI),1951,cluster1,0.017282761057506,144.5948486328125
A - 1(fld 1 wv DAPI - DAPI),1952,cluster1,0.0049587987696846,153.1661376953125
A - 1(fld 1 wv DAPI - DAPI),1953,cluster1,0.0015656371890609,156.0530242919922
A - 1(fld 1 wv DAPI - DAPI),1955,uncertain,0.5222412461734013,135.33583068847656
A - 1(fld 1 wv DAPI - DAPI),1956,cluster1,0.0001048221933772,163.996337890625
A - 1(fld 1 wv DAPI - DAPI),1957,cluster2,0.8061640329736228,141.49220275878906
A - 1(fld 1 wv DAPI - DAPI),1958,cluster1,0.2146356747483221,135.28465270996094
A - 1(fld 1 wv DAPI - DAPI),1959,cluster1,2.083604497549855e-05,157.75
A - 1(fld 1 wv DAPI - DAPI),1960,cluster1,9.741031805622084e-05,145.6151885986328
A - 1(fld 1 wv DAPI - DAPI),1961,cluster1,0.0046083858233604,160.44683837890625
A - 1(fld 1 wv DAPI - DAPI),1962,cluster1,0.0159175281283876,132.31040954589844
A - 1(fld 1 wv DAPI - DAPI),1963,cluster1,0.0773459033776867,131.3978729248047
A - 1(fld 1 wv DAPI - DAPI),1964,cluster1,0.0087449439627726,177.98487854003906
A - 1(fld 1 wv DAPI - DAPI),1965,uncertain,0.4211573005809947,137.04327392578125
A - 1(fld 1 wv DAPI - DAPI),1966,cluster1,0.0010660636045638,164.01649475097656
A - 1(fld 1 wv DAPI - DAPI),1967,cluster1,0.0066730036373178,169.05056762695312
A - 1(fld 1 wv DAPI - DAPI),1968,cluster1,0.0250962898754793,153.88401794433594
A - 1(fld 1 wv DAPI - DAPI),1969,cluster1,0.0101988145571752,141.45619201660156
A - 1(fld 1 wv DAPI - DAPI),1970,cluster1,6.135119897857316e-05,153.4403533935547
A - 1(fld 1 wv DAPI - DAPI),1971,cluster1,0.0001702727445646,161.84800720214844
A - 1(fld 1 wv DAPI - DAPI),1972,cluster1,0.0024470554548767,156.70521545410156
A - 1(fld 1 wv DAPI - DAPI),1973,cluster1,0.0012214694697963,131.02149963378906
A - 1(fld 1 wv DAPI - DAPI),1974,uncertain,0.3564785401628546,190.64459228515625
A - 1(fld 1 wv DAPI - DAPI),1975,cluster1,0.0147173370824719,141.6630859375
A - 1(fld 1 wv DAPI - DAPI),1976,cluster1,0.0012268586430136,159.0996551513672
A - 1(fld 1 wv DAPI - DAPI),1977,cluster1,0.000264889077146,134.65135192871094
A - 1(fld 1 wv DAPI - DAPI),1978,cluster1,0.0100740097774832,157.251220703125
A - 1(fld 1 wv DAPI - DAPI),1980,cluster1,0.0207222001056107,142.8688507080078
A - 1(fld 1 wv DAPI - DAPI),1981,uncertain,0.6327046229012255,125.2577133178711
A - 1(fld 1 wv DAPI - DAPI),1982,cluster1,0.0029380101842113,145.76687622070312
A - 1(fld 1 wv DAPI - DAPI),1983,cluster1,0.0288298191593637,118.3095245361328
A - 1(fld 1 wv DAPI - DAPI),1984,cluster1,0.001746623338576,161.14044189453125
A - 1(fld 1 wv DAPI - DAPI),1985,cluster1,3.948234333813029e-12,127.84474182128906
A - 1(fld 1 wv DAPI - DAPI),1986,cluster1,0.0011452383724325,150.48861694335938
A - 1(fld 1 wv DAPI - DAPI),1987,cluster1,0.0077115718650908,158.876953125
A - 1(fld 1 wv DAPI - DAPI),1988,cluster1,0.0161811139605142,131.20556640625
A - 1(fld 1 wv DAPI - DAPI),1989,cluster1,0.0061141028149753,168.94386291503906
A - 1(fld 1 wv DAPI - DAPI),1990,uncertain,0.5846805995968476,134.634033203125
A - 1(fld 1 wv DAPI - DAPI),1991,uncertain,0.6316669927685465,191.5
A - 1(fld 1 wv DAPI - DAPI),1992,cluster1,0.0016169468111896,132.05909729003906
A - 1(fld 1 wv DAPI - DAPI),1993,cluster1,0.0003380804933563,166.92857360839844
A - 1(fld 1 wv DAPI - DAPI),1994,cluster1,0.0037124534293998,131.38746643066406
A - 1(fld 1 wv DAPI - DAPI),1995,cluster1,0.0018301589604562,129.80404663085938
A - 1(fld 1 wv DAPI - DAPI),1996,cluster1,0.1216571182906665,142.64576721191406
A - 1(fld 1 wv DAPI - DAPI),1997,cluster1,0.1386586300834404,191.76641845703125
A - 1(fld 1 wv DAPI - DAPI),1998,cluster1,0.0028068890568869,160.8700714111328
A - 1(fld 1 wv DAPI - DAPI),1999,cluster1,0.0143295202846293,141.24783325195312
A - 1(fld 1 wv DAPI - DAPI),2001,cluster1,0.0623913780609615,134.15101623535156
A - 1(fld 1 wv DAPI - DAPI),2002,cluster1,0.0111609804157517,133.60220336914062
A - 1(fld 1 wv DAPI - DAPI),2003,cluster1,0.0108409931170824,156.98472595214844
A - 1(fld 1 wv DAPI - DAPI),2004,cluster1,0.0798057285867001,140.25244140625
A - 1(fld 1 wv DAPI - DAPI),2005,cluster1,0.0103250584527455,135.4732208251953
A - 1(fld 1 wv DAPI - DAPI),2006,cluster1,0.035536794727641,131.3523712158203
A - 1(fld 1 wv DAPI - DAPI),2007,cluster1,0.0215979191100124,153.54876708984375
A - 1(fld 1 wv DAPI - DAPI),2008,cluster1,0.0115980335300575,131.73028564453125
A - 1(fld 1 wv DAPI - DAPI),2009,cluster1,0.0001182668020567,122.03392028808594
A - 1(fld 1 wv DAPI - DAPI),2010,cluster1,0.010628485446625,128.3228302001953
A - 1(fld 1 wv DAPI - DAPI),2011,cluster1,0.0824119751123483,149.28665161132812
A - 1(fld 1 wv DAPI - DAPI),2012,cluster1,1.684776955725039e-05,109.12643432617188
A - 1(fld 1 wv DAPI - DAPI),2013,cluster1,0.0979955315728367,167.36630249023438
A - 1(fld 1 wv DAPI - DAPI),2014,cluster1,0.0007918061023613,156.580322265625
A - 1(fld 1 wv DAPI - DAPI),2015,cluster1,0.0111007489104463,115.33783721923828
A - 1(fld 1 wv DAPI - DAPI),2016,cluster1,0.0071198583523758,172.9536590576172
A - 1(fld 1 wv DAPI - DAPI),2017,cluster1,0.2464191138234646,128.99688720703125
A - 1(fld 1 wv DAPI - DAPI),2018,cluster1,0.0005123710028159,124.3566436767578
A - 1(fld 1 wv DAPI - DAPI),2019,cluster1,0.0511220521425199,161.0834197998047
A - 1(fld 1 wv DAPI - DAPI),2020,cluster1,0.001289312746615,175.21180725097656
A - 1(fld 1 wv DAPI - DAPI),2021,cluster2,0.8805466075610684,137.73919677734375
A - 1(fld 1 wv DAPI - DAPI),2022,cluster1,0.0212638132835976,136.6160430908203
A - 1(fld 1 wv DAPI - DAPI),2023,cluster2,0.9931694559109788,154.93418884277344
A - 1(fld 1 wv DAPI - DAPI),2024,cluster1,5.697082324679871e-05,111.46236419677734
A - 1(fld 1 wv DAPI - DAPI),2025,uncertain,0.6620416354883771,143.49945068359375
A - 1(fld 1 wv DAPI - DAPI),2026,cluster1,0.0006102332192699,136.79791259765625
A - 1(fld 1 wv DAPI - DAPI),2027,cluster1,0.0043082553908298,128.98390197753906
A - 1(fld 1 wv DAPI - DAPI),2028,cluster2,0.8472778490498253,167.83236694335938
A - 1(fld 1 wv DAPI - DAPI),2029,cluster1,9.880127591178492e-12,121.2980499267578
A - 1(fld 1 wv DAPI - DAPI),2030,cluster1,0.0160920152613677,144.30030822753906
A - 1(fld 1 wv DAPI - DAPI),2031,cluster1,0.0095294682645162,132.2946014404297
A - 1(fld 1 wv DAPI - DAPI),2032,cluster1,0.02633897199026,157.6595916748047
A - 1(fld 1 wv DAPI - DAPI),2033,cluster1,2.812326620613144e-05,114.5625
A - 1(fld 1 wv DAPI - DAPI),2034,cluster1,0.102978877069916,136.4691162109375
A - 1(fld 1 wv DAPI - DAPI),2035,cluster1,0.0014599596535913,161.96575927734375
A - 1(fld 1 wv DAPI - DAPI),2036,cluster1,0.0015072684807545,151.10340881347656
A - 1(fld 1 wv DAPI - DAPI),2038,cluster1,2.822293642907293e-05,127.98265075683594
A - 1(fld 1 wv DAPI - DAPI),2039,cluster1,4.388922974755777e-05,132.644775390625
A - 1(fld 1 wv DAPI - DAPI),2040,cluster1,0.0558807674280924,163.7249298095703
A - 1(fld 1 wv DAPI - DAPI),2041,cluster1,0.0465385383859972,133.28355407714844
A - 1(fld 1 wv DAPI - DAPI),2042,cluster1,0.0024534651900167,147.875
A - 1(fld 1 wv DAPI - DAPI),2043,cluster1,0.296038275129331,135.80609130859375
A - 1(fld 1 wv DAPI - DAPI),2044,cluster1,0.0065436760465452,145.71023559570312
A - 1(fld 1 wv DAPI - DAPI),2045,cluster1,0.1624930859091299,178.30296325683594
A - 1(fld 1 wv DAPI - DAPI),2046,cluster1,0.009918037240375,143.5
A - 1(fld 1 wv DAPI - DAPI),2047,cluster1,0.0041774001932272,136.0611572265625
A - 1(fld 1 wv DAPI - DAPI),2048,cluster1,0.0444804542436095,136.96095275878906
A - 1(fld 1 wv DAPI - DAPI),2049,cluster1,0.0062906188148614,164.8801727294922
A - 1(fld 1 wv DAPI - DAPI),2050,cluster1,0.0686032582923273,131.56607055664062
A - 1(fld 1 wv DAPI - DAPI),2051,cluster1,0.0074310279338524,146.10931396484375
A - 1(fld 1 wv DAPI - DAPI),2052,cluster1,0.2682101081961668,135.83973693847656
A - 1(fld 1 wv DAPI - DAPI),2053,cluster1,0.0727906783692378,164.4960479736328
A - 1(fld 1 wv DAPI - DAPI),2054,cluster1,1.967126055896133e-05,130.55245971679688
A - 1(fld 1 wv DAPI - DAPI),2056,cluster1,0.0034846178577429,129.91648864746094
A - 1(fld 1 wv DAPI - DAPI),2057,cluster1,0.1090001764695922,128.62942504882812
A - 1(fld 1 wv DAPI - DAPI),2058,cluster1,0.0311497645108526,163.7857208251953
A - 1(fld 1 wv DAPI - DAPI),2059,cluster1,0.0005960117279316,153.77008056640625
A - 1(fld 1 wv DAPI - DAPI),2060,cluster1,0.0042997426833246,130.29783630371094
A - 1(fld 1 wv DAPI - DAPI),2061,cluster1,0.0013301099799362,132.3075714111328
A - 1(fld 1 wv DAPI - DAPI),2062,cluster1,0.0202044841791705,130.72669982910156
A - 1(fld 1 wv DAPI - DAPI),2063,cluster1,0.1256725641526751,137.15005493164062
A - 1(fld 1 wv DAPI - DAPI),2064,cluster1,0.0556518381860411,166.43777465820312
A - 1(fld 1 wv DAPI - DAPI),2065,cluster2,0.8047303797372831,179.4872283935547
A - 1(fld 1 wv DAPI - DAPI),2067,cluster1,0.0002318426739537,139.99856567382812
A - 1(fld 1 wv DAPI - DAPI),2068,cluster1,0.0047584459068929,157.36111450195312
A - 1(fld 1 wv DAPI - DAPI),2069,cluster1,6.533697157411637e-05,130.79232788085938
A - 1(fld 1 wv DAPI - DAPI),2070,cluster1,0.0013529622673137,137.64674377441406
A - 1(fld 1 wv DAPI - DAPI),2071,cluster1,0.0005953327706634,128.190185546875
A - 1(fld 1 wv DAPI - DAPI),2072,uncertain,0.460360655141082,140.78793334960938
A - 1(fld 1 wv DAPI - DAPI),2073,cluster1,1.8412214865782413e-06,126.07740020751952
A - 1(fld 1 wv DAPI - DAPI),2074,cluster1,0.0032970936892833,145.2311248779297
A - 1(fld 1 wv DAPI - DAPI),2075,cluster1,0.0659517946176277,160.61802673339844
A - 1(fld 1 wv DAPI - DAPI),2076,uncertain,0.5133946138701356,109.5824203491211
A - 1(fld 1 wv DAPI - DAPI),2077,cluster1,0.1390384612646807,140.55859375
A - 1(fld 1 wv DAPI - DAPI),2078,cluster1,0.0020073776454924,139.51805114746094
A - 1(fld 1 wv DAPI - DAPI),2079,cluster1,0.0009266128269133,110.59091186523438
A - 1(fld 1 wv DAPI - DAPI),2080,cluster1,0.1714784220039549,159.4691925048828
A - 1(fld 1 wv DAPI - DAPI),2081,cluster1,0.2300718469203274,132.47927856445312
A - 1(fld 1 wv DAPI - DAPI),2082,cluster1,0.0594180539133974,159.8778839111328
A - 1(fld 1 wv DAPI - DAPI),2083,cluster1,0.1295460710138271,173.21519470214844
A - 1(fld 1 wv DAPI - DAPI),2084,cluster1,0.1036102827138148,125.91295623779295
A - 1(fld 1 wv DAPI - DAPI),2085,uncertain,0.5503859626104912,110.48275756835938
A - 1(fld 1 wv DAPI - DAPI),2086,cluster1,0.0083128210730664,127.92256927490234
A - 1(fld 1 wv DAPI - DAPI),2087,cluster1,0.0010578669458794,139.1068572998047
A - 1(fld 1 wv DAPI - DAPI),2088,cluster1,0.012078347267172,129.0099334716797
A - 1(fld 1 wv DAPI - DAPI),2089,cluster1,0.1512627648177622,129.32647705078125
A - 1(fld 1 wv DAPI - DAPI),2091,cluster1,0.1371954299336124,134.12228393554688
A - 1(fld 1 wv DAPI - DAPI),2092,cluster1,8.400831402121589e-05,126.23516082763672
A - 1(fld 1 wv DAPI - DAPI),2093,cluster1,3.561144744578116e-05,133.42901611328125
A - 1(fld 1 wv DAPI - DAPI),2094,cluster1,0.0326525182785076,132.82949829101562
A - 1(fld 1 wv DAPI - DAPI),2095,cluster1,0.0776895786968379,137.4372100830078
A - 1(fld 1 wv DAPI - DAPI),2096,cluster1,0.016325040205867,141.63414001464844
A - 1(fld 1 wv DAPI - DAPI),2097,cluster1,0.0026754319822456,147.5836639404297
A - 1(fld 1 wv DAPI - DAPI),2098,cluster1,0.001304327400901,152.26283264160156
A - 1(fld 1 wv DAPI - DAPI),2099,cluster1,0.0820106754818637,134.5637969970703
A - 1(fld 1 wv DAPI - DAPI),2100,cluster1,0.0057082989149248,153.8020782470703
A - 1(fld 1 wv DAPI - DAPI),2101,cluster2,0.90312563388883,171.42869567871094
A - 1(fld 1 wv DAPI - DAPI),2102,cluster1,0.0854695189141328,129.10174560546875
A - 1(fld 1 wv DAPI - DAPI),2103,cluster1,0.0635219652185068,141.27243041992188
A - 1(fld 1 wv DAPI - DAPI),2104,cluster1,0.2216484767886859,156.76104736328125
A - 1(fld 1 wv DAPI - DAPI),2105,cluster1,0.0035182696486408,129.1041717529297
A - 1(fld 1 wv DAPI - DAPI),2106,cluster1,0.050324456606771,159.27447509765625
A - 1(fld 1 wv DAPI - DAPI),2107,cluster1,0.0085854478430682,152.8663330078125
A - 1(fld 1 wv DAPI - DAPI),2108,cluster1,0.021210158446247,127.40916442871094
A - 1(fld 1 wv DAPI - DAPI),2109,cluster1,0.0692232342718189,169.61618041992188
A - 1(fld 1 wv DAPI - DAPI),2110,cluster1,0.004667922047026,143.04061889648438
A - 1(fld 1 wv DAPI - DAPI),2111,cluster1,0.1480853920804372,132.11012268066406
A - 1(fld 1 wv DAPI - DAPI),2112,cluster1,0.0286269244157871,126.38607025146484
A - 1(fld 1 wv DAPI - DAPI),2113,cluster1,0.006457985765244,152.5926513671875
A - 1(fld 1 wv DAPI - DAPI),2114,cluster1,0.0729501750649133,127.73280334472656
A - 1(fld 1 wv DAPI - DAPI),2115,cluster2,0.8644221024095845,164.11038208007812
A - 1(fld 1 wv DAPI - DAPI),2116,cluster1,0.1210872404746836,142.84129333496094
A - 1(fld 1 wv DAPI - DAPI),2117,cluster1,0.2239919951000673,131.1990203857422
A - 1(fld 1 wv DAPI - DAPI),2119,cluster1,0.0280062935424255,134.8281707763672
A - 1(fld 1 wv DAPI - DAPI),2120,cluster1,0.0216368978911901,128.66006469726562
A - 1(fld 1 wv DAPI - DAPI),2121,cluster1,0.086854063220335,133.92544555664062
A - 1(fld 1 wv DAPI - DAPI),2122,cluster1,0.0166694149353537,135.10162353515625
A - 1(fld 1 wv DAPI - DAPI),2124,cluster1,0.0140929662638409,137.09344482421875
A - 1(fld 1 wv DAPI - DAPI),2126,cluster1,0.0234521537989542,124.93478393554688
A - 1(fld 1 wv DAPI - DAPI),2127,cluster1,0.05212935590009,124.55403900146484
A - 1(fld 1 wv DAPI - DAPI),2128,cluster1,0.1046932178250808,128.28147888183594
A - 1(fld 1 wv DAPI - DAPI),2129,cluster1,0.2711251688803777,111.45291137695312
A - 1(fld 1 wv DAPI - DAPI),2130,cluster1,0.0085397274801077,160.1324462890625
A - 1(fld 1 wv DAPI - DAPI),2131,cluster1,0.0037502816857907,145.0646514892578
A - 1(fld 1 wv DAPI - DAPI),2132,cluster1,0.104103622682942,162.6629180908203
A - 1(fld 1 wv DAPI - DAPI),2134,cluster1,0.0475090473627769,140.5891876220703
A - 1(fld 1 wv DAPI - DAPI),2135,cluster1,0.0020223096206292,145.8192138671875
A - 1(fld 1 wv DAPI - DAPI),2136,cluster1,0.0481079247278306,139.49185180664062
A - 1(fld 1 wv DAPI - DAPI),2137,cluster1,0.0808087977922255,137.97320556640625
A - 1(fld 1 wv DAPI - DAPI),2138,cluster1,0.0412894778516157,132.90318298339844
A - 1(fld 1 wv DAPI - DAPI),2139,cluster1,0.0375116492056092,131.5688934326172
A - 1(fld 1 wv DAPI - DAPI),2140,cluster1,0.0050414643497908,148.31056213378906
A - 1(fld 1 wv DAPI - DAPI),2141,cluster1,0.1191807770861078,131.2047576904297
A - 1(fld 1 wv DAPI - DAPI),2142,cluster2,0.9999983732149268,120.8163604736328
A - 1(fld 1 wv DAPI - DAPI),2143,cluster1,0.0003848500048042,137.3363800048828
A - 1(fld 1 wv DAPI - DAPI),2145,cluster1,0.062060510552301,131.48736572265625
A - 1(fld 1 wv DAPI - DAPI),2146,cluster1,0.0630642385784112,132.42977905273438
A - 1(fld 1 wv DAPI - DAPI),2147,cluster1,0.004338718628631,129.8317108154297
A - 1(fld 1 wv DAPI - DAPI),2149,cluster1,0.005539078336987,151.77798461914062
A - 1(fld 1 wv DAPI - DAPI),2150,cluster1,0.0154380671503355,139.95416259765625
A - 1(fld 1 wv DAPI - DAPI),2151,cluster1,0.008056049699416,142.73789978027344
A - 1(fld 1 wv DAPI - DAPI),2152,cluster1,0.0010332472193192,141.17584228515625
A - 1(fld 1 wv DAPI - DAPI),2153,cluster1,0.0012262748828686,124.6304931640625
A - 1(fld 1 wv DAPI - DAPI),2154,cluster1,0.0574844304366964,134.1434783935547
A - 1(fld 1 wv DAPI - DAPI),2155,cluster1,0.0349717488362528,128.84323120117188
A - 1(fld 1 wv DAPI - DAPI),2156,cluster1,0.0236475986079387,132.9691619873047
A - 1(fld 1 wv DAPI - DAPI),2157,cluster1,0.0020236369085847,158.9488983154297
A - 1(fld 1 wv DAPI - DAPI),2158,cluster1,0.0023904405227421,145.7979736328125
A - 1(fld 1 wv DAPI - DAPI),2159,cluster1,0.0024156088886674,153.77430725097656
A - 1(fld 1 wv DAPI - DAPI),2160,cluster1,0.0053109329101978,144.49656677246094
A - 1(fld 1 wv DAPI - DAPI),2161,cluster1,0.0064056650079679,158.86904907226562
A - 1(fld 1 wv DAPI - DAPI),2162,cluster1,0.0544974046678616,135.37652587890625
A - 1(fld 1 wv DAPI - DAPI),2163,cluster1,0.0075366505175028,129.411376953125
A - 1(fld 1 wv DAPI - DAPI),2164,cluster1,0.0502360646433885,158.10702514648438
A - 1(fld 1 wv DAPI - DAPI),2165,cluster1,0.1521606864909533,126.58406829833984
A - 1(fld 1 wv DAPI - DAPI),2166,cluster1,0.0130110685792028,131.13572692871094
A - 1(fld 1 wv DAPI - DAPI),2167,cluster1,0.030607451471061,131.65554809570312
A - 1(fld 1 wv DAPI - DAPI),2168,cluster1,0.0182766453989042,110.46428680419922
A - 1(fld 1 wv DAPI - DAPI),2169,cluster1,0.0250995370376407,129.1255340576172
A - 1(fld 1 wv DAPI - DAPI),2170,cluster1,2.6161010207790924e-05,133.6056671142578
A - 1(fld 1 wv DAPI - DAPI),2171,cluster1,0.0613453706511034,123.93449401855467
A - 1(fld 1 wv DAPI - DAPI),2172,cluster1,0.0030154549954038,149.5306396484375
A - 1(fld 1 wv DAPI - DAPI),2173,cluster1,0.0006442658874881,145.20497131347656
A - 1(fld 1 wv DAPI - DAPI),2174,cluster1,0.0005273190697513,137.60057067871094
A - 1(fld 1 wv DAPI - DAPI),2175,cluster1,0.0561969163344739,118.9565200805664
A - 1(fld 1 wv DAPI - DAPI),2176,cluster2,0.8048347183809261,163.4005126953125
A - 1(fld 1 wv DAPI - DAPI),2177,cluster1,0.0001849738604475,129.76303100585938
A - 1(fld 1 wv DAPI - DAPI),2179,cluster1,0.000701747729961,149.40280151367188
A - 1(fld 1 wv DAPI - DAPI),2180,cluster1,0.2595852764990425,125.61068725585938
A - 1(fld 1 wv DAPI - DAPI),2181,cluster1,0.0065739385400132,137.00486755371094
A - 1(fld 1 wv DAPI - DAPI),2182,cluster1,0.0004748969270802,164.90562438964844
A - 1(fld 1 wv DAPI - DAPI),2183,cluster1,0.0004780313451881,149.38827514648438
A - 1(fld 1 wv DAPI - DAPI),2184,cluster1,0.0111982183030399,132.78359985351562
A - 1(fld 1 wv DAPI - DAPI),2186,cluster1,0.0189736830172063,127.85057830810548
A - 1(fld 1 wv DAPI - DAPI),2188,cluster1,0.0010315205877857,141.4641571044922
A - 1(fld 1 wv DAPI - DAPI),2190,cluster1,0.0005328900382463,158.4990234375
A - 1(fld 1 wv DAPI - DAPI),2193,cluster1,0.0578170468192583,121.63948822021484
A - 1(fld 1 wv DAPI - DAPI),2196,cluster1,0.0100450140023052,132.0174102783203
A - 1(fld 1 wv DAPI - DAPI),2213,cluster1,0.036344776537063,115.66000366210938
